fioul,hydraulique,prevision_j,nature,ech_comm_italie,ech_physiques,ech_comm_angleterre,charbon,nucleaire,date_heure,heure,solaire,perimetre,ech_comm_espagne,consommation,pompage,ech_comm_suisse,date,gaz,bioenergies,gaz_cogen,taux_co2,ech_comm_allemagne_belgique,eolien,prevision_j1,recordid
,,56600,Données définitives,,,,,,2012-01-06 03:45:00+00:00,04:45,,France,,,,,2012-01-06,,,,,,,55950,405db8ed45049b613ae34044e3e04d2fc81d5444
492.0,6977.0,56300,Données définitives,-811.0,-7329.0,-1750.0,208.0,52119.0,2012-01-06 03:30:00+00:00,04:30,0.0,France,-974.0,57537.0,-3185.0,-1865.0,2012-01-06,3820.0,704.0,ND,38.0,-1721,3730.0,55700,0e389fe56a009854000ab4af00f34f0b55bd8c2a
,,56400,Données définitives,,,,,,2012-01-06 03:15:00+00:00,04:15,,France,,,,,2012-01-06,,,,,,,55850,9714f8c2b9af85608d0c82aa8b729de02ce596f4
491.0,6740.0,56500,Données définitives,-811.0,-6814.0,-1750.0,165.0,51876.0,2012-01-06 03:00:00+00:00,04:00,0.0,France,-974.0,57826.0,-2963.0,-1865.0,2012-01-06,3791.0,705.0,ND,37.0,-1721,3835.0,56000,4630470327e17f322225f334b154e5f2532e4da7
,,56850,Données définitives,,,,,,2012-01-06 02:45:00+00:00,03:45,,France,,,,,2012-01-06,,,,,,,56400,b931a70a9d9fb48ada6af48344beb93a94dd7b8e
491.0,6691.0,57200,Données définitives,-811.0,-6795.0,-1750.0,108.0,52398.0,2012-01-06 02:30:00+00:00,03:30,0.0,France,-1400.0,58304.0,-2961.0,-2021.0,2012-01-06,3816.0,704.0,ND,36.0,-596,3851.0,56800,6fb4625aafbd412e56da931be3fa492cf5266021
,,57750,Données définitives,,,,,,2012-01-06 02:15:00+00:00,03:15,,France,,,,,2012-01-06,,,,,,,57450,9db9067e94ef7853f3ffb6ededab740f0eb5d96a
491.0,6674.0,58300,Données définitives,-811.0,-6556.0,-1750.0,75.0,53399.0,2012-01-06 02:00:00+00:00,03:00,0.0,France,-1400.0,59581.0,-2966.0,-2021.0,2012-01-06,3803.0,706.0,ND,35.0,-596,3956.0,58100,5dc338220b250a1b8f07e7c8cb4e533e29a17473
,,59100,Données définitives,,,,,,2012-01-06 01:45:00+00:00,02:45,,France,,,,,2012-01-06,,,,,,,58950,cef24b932533f7f87b203e57cefb3a4a5cfcda29
490.0,7084.0,59900,Données définitives,-834.0,-6540.0,-1750.0,48.0,54389.0,2012-01-06 01:30:00+00:00,02:30,0.0,France,-1167.0,61353.0,-2689.0,-2034.0,2012-01-06,3796.0,712.0,ND,34.0,-522,4062.0,59800,5052f8daad26c44a9d6dbb35ea389f61887dd5ee
,,60500,Données définitives,,,,,,2012-01-06 01:15:00+00:00,02:15,,France,,,,,2012-01-06,,,,,,,60250,41b1d96a80768d48b719d6742a8e671eba9f39db
488.0,7430.0,61100,Données définitives,-834.0,-7356.0,-1750.0,24.0,54882.0,2012-01-06 01:00:00+00:00,02:00,0.0,France,-1167.0,61719.0,-2335.0,-2034.0,2012-01-06,3799.0,706.0,ND,33.0,-522,4081.0,60700,ba54e0cc5df8c4736e9c6c3cf5b980c18ac94441
,,61050,Données définitives,,,,,,2012-01-06 00:45:00+00:00,01:45,,France,,,,,2012-01-06,,,,,,,60750,bd0a27be108a1b1c89a7683b6b9ba56e83854c3e
485.0,7444.0,61000,Données définitives,-861.0,-7273.0,-1750.0,18.0,55405.0,2012-01-06 00:30:00+00:00,01:30,0.0,France,-1397.0,62045.0,-2925.0,-2176.0,2012-01-06,4130.0,708.0,ND,34.0,-875,4053.0,60800,687ef4abba058de073480d6da5681371b28359c0
,,60800,Données définitives,,,,,,2012-01-06 00:15:00+00:00,01:15,,France,,,,,2012-01-06,,,,,,,60600,6c400ef0cb0d40aa89f132ec73f4f1642caccd6c
485.0,7699.0,60600,Données définitives,-861.0,-7507.0,-1750.0,0.0,55610.0,2012-01-06 00:00:00+00:00,01:00,0.0,France,-1397.0,62255.0,-2935.0,-2176.0,2012-01-06,4171.0,689.0,ND,34.0,-875,4042.0,60400,180b267feb50e5dcbe32673df4ae8ac3227385e3
,,61750,Données définitives,,,,,,2012-01-05 23:45:00+00:00,00:45,,France,,,,,2012-01-06,,,,,,,61450,0c6506b4f14cfac4dfffd0bd650b60c7a7de937e
485.0,8542.0,62900,Données définitives,-861.0,-7369.0,-1750.0,0.0,56093.0,2012-01-05 23:30:00+00:00,00:30,0.0,France,-1200.0,64862.0,-1986.0,-2174.0,2012-01-06,4296.0,686.0,ND,33.0,-1344,4116.0,62500,bf54f3998d93b728a6014448854a9aca4f928b6c
,,63850,Données définitives,,,,,,2012-01-05 23:15:00+00:00,00:15,,France,,,,,2012-01-06,,,,,,,63400,e38567b3a13ff7da72c818098ef76b3f087ecccc
486.0,9009.0,64800,Données définitives,-861.0,-8139.0,-1750.0,0.0,56902.0,2012-01-05 23:00:00+00:00,00:00,0.0,France,-1200.0,66515.0,-1098.0,-2174.0,2012-01-06,4585.0,684.0,ND,34.0,-1344,4085.0,64300,9989e98079b8d992e744aca1649086b69eaf17d9
,,64600,Données définitives,,,,,,2012-01-05 22:45:00+00:00,23:45,,France,,,,,2012-01-05,,,,,,,64350,74c4427e306d7ae1837efa8c139675161ed4c0fd
486.0,9244.0,64900,Données définitives,-861.0,-8412.0,-1750.0,0.0,57245.0,2012-01-05 22:30:00+00:00,23:30,0.0,France,-1093.0,66910.0,-1092.0,-2591.0,2012-01-05,4580.0,686.0,ND,33.0,-1697,4174.0,64400,638f1db6368c6b7bfa016449e9ff844470d16514
,,65800,Données définitives,,,,,,2012-01-05 22:15:00+00:00,23:15,,France,,,,,2012-01-05,,,,,,,65350,3b872da03978d9727803a281fd5621ff895faa10
484.0,10148.0,66700,Données définitives,-861.0,-8481.0,-1750.0,0.0,57036.0,2012-01-05 22:00:00+00:00,23:00,0.0,France,-1093.0,68169.0,-562.0,-2591.0,2012-01-05,4581.0,684.0,ND,33.0,-1697,4278.0,66300,8cbcfd27bd36169e46f8bab7b1d557fbac4728e5
,,65950,Données définitives,,,,,,2012-01-05 21:45:00+00:00,22:45,,France,,,,,2012-01-05,,,,,,,65550,e43c3167f0581c28473380d544364d6d0a62a079
486.0,9053.0,65200,Données définitives,-861.0,-8758.0,-1750.0,0.0,56455.0,2012-01-05 21:30:00+00:00,22:30,0.0,France,-1200.0,66070.0,-736.0,-2700.0,2012-01-05,4541.0,684.0,ND,33.0,-1622,4346.0,64800,84e254cc306f719372ca78a33932e2c817105ad4
,,64750,Données définitives,,,,,,2012-01-05 21:15:00+00:00,22:15,,France,,,,,2012-01-05,,,,,,,64300,4d9de370de887a816ac6e4819847bbddbe9fe0b2
486.0,9181.0,64300,Données définitives,-861.0,-8822.0,-1750.0,0.0,56507.0,2012-01-05 21:00:00+00:00,22:00,0.0,France,-1200.0,66269.0,-717.0,-2700.0,2012-01-05,4560.0,683.0,ND,33.0,-1622,4391.0,63800,9dd8e26f4a9ac355c2ce6274040485c0977a3386
,,65200,Données définitives,,,,,,2012-01-05 20:45:00+00:00,21:45,,France,,,,,2012-01-05,,,,,,,64700,34c7b7e32cc912284c59447176cb68a2ea329983
488.0,9945.0,66100,Données définitives,-860.0,-8893.0,-1750.0,0.0,56987.0,2012-01-05 20:30:00+00:00,21:30,0.0,France,-1056.0,68036.0,-239.0,-2511.0,2012-01-05,4550.0,686.0,ND,33.0,-2492,4513.0,65600,4afbdfdc26fa2009f5444e3728ed7fc4b1fb7569
,,67050,Données définitives,,,,,,2012-01-05 20:15:00+00:00,21:15,,France,,,,,2012-01-05,,,,,,,66500,6be2dfc4aadb385611ea32d63d761f3bed36167b
489.0,10615.0,68000,Données définitives,-860.0,-7973.0,-1750.0,0.0,57348.0,2012-01-05 20:00:00+00:00,21:00,0.0,France,-1056.0,70197.0,-53.0,-2511.0,2012-01-05,4568.0,686.0,ND,32.0,-2492,4517.0,67400,e5470fb458e2adea734458d77ef03aae7b32055e
,,69400,Données définitives,,,,,,2012-01-05 19:45:00+00:00,20:45,,France,,,,,2012-01-05,,,,,,,68800,c32fdb95f7f145e423fd3978181197ccf1e22217
488.0,12305.0,70800,Données définitives,-861.0,-7860.0,-1750.0,0.0,57647.0,2012-01-05 19:30:00+00:00,20:30,0.0,France,-774.0,72432.0,-25.0,-2282.0,2012-01-05,4595.0,684.0,ND,31.0,-1987,4596.0,70200,8685e140dee5fa7ee0efb76ed20fd571ff32a64d
,,71550,Données définitives,,,,,,2012-01-05 19:15:00+00:00,20:15,,France,,,,,2012-01-05,,,,,,,70950,3087474a9918cb2fa402b9b657c0258c7dd144c5
488.0,13124.0,72300,Données définitives,-861.0,-6208.0,-1750.0,0.0,57536.0,2012-01-05 19:00:00+00:00,20:00,0.0,France,-774.0,74868.0,-24.0,-2282.0,2012-01-05,4624.0,678.0,ND,31.0,-1987,4652.0,71700,a080c3d98c3bf9e6beddb42fcce48fe45dccde33
,,73350,Données définitives,,,,,,2012-01-05 18:45:00+00:00,19:45,,France,,,,,2012-01-05,,,,,,,72700,b8f875b12cff8332eaff9305b8e8e98f8dd42d92
489.0,14375.0,74400,Données définitives,-861.0,-5989.0,-1750.0,0.0,57929.0,2012-01-05 18:30:00+00:00,19:30,0.0,France,-79.0,76928.0,-24.0,-1487.0,2012-01-05,4643.0,690.0,ND,31.0,-1514,4815.0,73700,07ac96c75aefcd3b8ff24db12a18fd6516b9c43b
,,75500,Données définitives,,,,,,2012-01-05 18:15:00+00:00,19:15,,France,,,,,2012-01-05,,,,,,,74800,e0a903a0c628a119123aad20ff7932251ce0d71a
491.0,15872.0,76600,Données définitives,-861.0,-6215.0,-1750.0,0.0,58002.0,2012-01-05 18:00:00+00:00,19:00,0.0,France,-79.0,78351.0,-24.0,-1487.0,2012-01-05,4690.0,688.0,ND,30.0,-1514,4848.0,75900,511482783c10f3eff081b7dd28d8b30443b56d65
,,75700,Données définitives,,,,,,2012-01-05 17:45:00+00:00,18:45,,France,,,,,2012-01-05,,,,,,,74900,f6f51fa7209542546bde24d2235c547b350b9c24
490.0,14727.0,74800,Données définitives,-861.0,-6315.0,-1750.0,0.0,57793.0,2012-01-05 17:30:00+00:00,18:30,0.0,France,829.0,76939.0,-77.0,-1848.0,2012-01-05,4657.0,686.0,ND,31.0,-2261,4977.0,73900,6c00605569e47d7c8a3ade7d25d1118abe1b6e96
,,74450,Données définitives,,,,,,2012-01-05 17:15:00+00:00,18:15,,France,,,,,2012-01-05,,,,,,,73450,a67f872def41f1166c54d6fe4d02cf69e7816fb5
487.0,13671.0,74100,Données définitives,-861.0,-6491.0,-1750.0,0.0,57719.0,2012-01-05 17:00:00+00:00,18:00,0.0,France,829.0,75752.0,-77.0,-1848.0,2012-01-05,4668.0,680.0,ND,31.0,-2261,5095.0,73000,785055aaf2bc1c4929b78fd72b4f7f2fa9dc1a4a
,,72750,Données définitives,,,,,,2012-01-05 16:45:00+00:00,17:45,,France,,,,,2012-01-05,,,,,,,71500,3c6fd4bde371bfedd612de5d867c20cd95e8dd9c
491.0,11690.0,71400,Données définitives,-861.0,-6185.0,-1741.0,0.0,57178.0,2012-01-05 16:30:00+00:00,17:30,1.0,France,716.0,73496.0,-75.0,-1516.0,2012-01-05,4629.0,675.0,ND,32.0,-2810,5092.0,70000,db687bf2ca1a984c15504ee5a51c4af1f0633bc9
,,70400,Données définitives,,,,,,2012-01-05 16:15:00+00:00,17:15,,France,,,,,2012-01-05,,,,,,,68900,d78853a81d5a28099a1a1228ae4ea6c5aa66c427
574.0,11770.0,69400,Données définitives,-861.0,-8807.0,-1741.0,0.0,57177.0,2012-01-05 16:00:00+00:00,17:00,14.0,France,716.0,71096.0,-67.0,-1516.0,2012-01-05,4642.0,672.0,ND,32.0,-2810,5120.0,67800,e82e362333ac00c099204ae498c453e99e77f5e1
,,69050,Données définitives,,,,,,2012-01-05 15:45:00+00:00,16:45,,France,,,,,2012-01-05,,,,,,,67350,b89cb2c2206448bd879690bae64b5e94c53002bb
573.0,11354.0,68700,Données définitives,-861.0,-8764.0,-1629.0,0.0,57008.0,2012-01-05 15:30:00+00:00,16:30,53.0,France,-214.0,70570.0,-43.0,-2539.0,2012-01-05,4568.0,666.0,ND,32.0,-3274,5154.0,66900,874e5638a969eb44b3cd373f95fddce0e690d8f0
,,68900,Données définitives,,,,,,2012-01-05 15:15:00+00:00,16:15,,France,,,,,2012-01-05,,,,,,,67100,0fe0ce7044dd57be28269252221b5c3a71552c98
541.0,11761.0,69100,Données définitives,-861.0,-8580.0,-1629.0,0.0,56380.0,2012-01-05 15:00:00+00:00,16:00,117.0,France,-214.0,70471.0,-25.0,-2539.0,2012-01-05,4496.0,662.0,ND,32.0,-3274,5119.0,67300,3dbbca3012d17ce0ef118c37e9a38e4766465f3e
,,69350,Données définitives,,,,,,2012-01-05 14:45:00+00:00,15:45,,France,,,,,2012-01-05,,,,,,,67550,4f123064f8cd504afab776882b4a7b2d923522f5
489.0,12192.0,69600,Données définitives,-861.0,-8741.0,-1749.0,0.0,56544.0,2012-01-05 14:30:00+00:00,15:30,182.0,France,86.0,71008.0,-26.0,-2545.0,2012-01-05,4514.0,661.0,ND,31.0,-3266,5191.0,67800,0103c405852f60395d4d2b5a565fc7ffc1569ede
,,69950,Données définitives,,,,,,2012-01-05 14:15:00+00:00,15:15,,France,,,,,2012-01-05,,,,,,,68150,03a7d05cd87953085f4c5bcb73bf1336301cc55b
492.0,12277.0,70300,Données définitives,-861.0,-9141.0,-1749.0,0.0,57575.0,2012-01-05 14:00:00+00:00,15:00,222.0,France,86.0,71711.0,-23.0,-2545.0,2012-01-05,4513.0,663.0,ND,31.0,-3266,5133.0,68500,7f9368d740266f0a3863c82671b78f2c7f9b5936
,,71050,Données définitives,,,,,,2012-01-05 13:45:00+00:00,14:45,,France,,,,,2012-01-05,,,,,,,69250,d1a7a0286c6b3338cd51f94c9c5b4e6d1c770966
493.0,13509.0,71800,Données définitives,-861.0,-9445.0,-1649.0,0.0,58126.0,2012-01-05 13:30:00+00:00,14:30,261.0,France,-735.0,73063.0,-24.0,-2265.0,2012-01-05,4402.0,667.0,ND,30.0,-3492,5074.0,70000,8282c1a3c751fca5eca85a1e4b9d0ceaab5b0e71
,,71900,Données définitives,,,,,,2012-01-05 13:15:00+00:00,14:15,,France,,,,,2012-01-05,,,,,,,70150,18d7bb844fef8ded92420f1bb441d4223a412ec1
494.0,14094.0,72000,Données définitives,-861.0,-9697.0,-1649.0,0.0,58143.0,2012-01-05 13:00:00+00:00,14:00,284.0,France,-735.0,73365.0,-24.0,-2265.0,2012-01-05,4333.0,676.0,ND,29.0,-3492,5062.0,70300,73202c132d8817c7e1e175f07d7e1a1373cd8e88
,,72150,Données définitives,,,,,,2012-01-05 12:45:00+00:00,13:45,,France,,,,,2012-01-05,,,,,,,70350,687c3f94e821f890b935917eb38d22df5aca22a3
493.0,14402.0,72300,Données définitives,-860.0,-9759.0,-1649.0,0.0,58226.0,2012-01-05 12:30:00+00:00,13:30,285.0,France,-400.0,73703.0,-24.0,-2678.0,2012-01-05,4325.0,682.0,ND,29.0,-3965,5073.0,70400,f13737557fbeb042f675b0019132b9c83d65ed7d
,,73150,Données définitives,,,,,,2012-01-05 12:15:00+00:00,13:15,,France,,,,,2012-01-05,,,,,,,71100,3bd360c83f4c2c1b5403eefc11cf18f6ffcb01d4
857.0,14154.0,74000,Données définitives,-860.0,-10157.0,-1649.0,0.0,59414.0,2012-01-05 12:00:00+00:00,13:00,301.0,France,-400.0,74754.0,-25.0,-2678.0,2012-01-05,4398.0,685.0,ND,32.0,-3965,5128.0,71800,26214e0326eeea7a5f93c04e7e07e1467937efa6
,,73350,Données définitives,,,,,,2012-01-05 11:45:00+00:00,12:45,,France,,,,,2012-01-05,,,,,,,71300,07ead13ee8d111779796bf3d312caed76769dcb2
856.0,13797.0,72700,Données définitives,-861.0,-10294.0,-1750.0,0.0,59429.0,2012-01-05 11:30:00+00:00,12:30,315.0,France,-490.0,74300.0,-25.0,-2852.0,2012-01-05,4393.0,685.0,ND,32.0,-3942,5144.0,70800,7084a75c133f7cec445311ac3227f393e81a7d81
,,73400,Données définitives,,,,,,2012-01-05 11:15:00+00:00,12:15,,France,,,,,2012-01-05,,,,,,,71250,4096b432b25737b7f5264d9d2ba08e12414c39d5
850.0,14186.0,74100,Données définitives,-861.0,-9913.0,-1750.0,0.0,59590.0,2012-01-05 11:00:00+00:00,12:00,270.0,France,-490.0,75254.0,-22.0,-2852.0,2012-01-05,4395.0,683.0,ND,32.0,-3942,5214.0,71700,3a93b7d76fe34f596f6fe323c80de3e93716eb4f
,,73650,Données définitives,,,,,,2012-01-05 10:45:00+00:00,11:45,,France,,,,,2012-01-05,,,,,,,71550,3d8f079adb580efa810c01a62168d68544546d0d
845.0,13969.0,73200,Données définitives,-861.0,-10028.0,-1750.0,0.0,59497.0,2012-01-05 10:30:00+00:00,11:30,251.0,France,-705.0,74870.0,-8.0,-2862.0,2012-01-05,4347.0,694.0,ND,32.0,-3573,5303.0,71400,116fe752de85a97525faf7dcfb7e9ce7f975d146
,,73000,Données définitives,,,,,,2012-01-05 10:15:00+00:00,11:15,,France,,,,,2012-01-05,,,,,,,71200,ed1ac2e3c4361e59dbea2370c35f2767cb1e6042
934.0,12941.0,72800,Données définitives,-861.0,-9602.0,-1750.0,0.0,59279.0,2012-01-05 10:00:00+00:00,11:00,236.0,France,-705.0,74216.0,-8.0,-2862.0,2012-01-05,4334.0,687.0,ND,33.0,-3573,5415.0,71000,e522d12e385afb851fda822a0a3d281431f86c5d
,,72750,Données définitives,,,,,,2012-01-05 09:45:00+00:00,10:45,,France,,,,,2012-01-05,,,,,,,71100,cf268abd6f848c866ed684fe974ba591d6483dbc
581.0,12847.0,72700,Données définitives,-861.0,-9625.0,-1749.0,0.0,59523.0,2012-01-05 09:30:00+00:00,10:30,184.0,France,-1162.0,74003.0,-9.0,-2615.0,2012-01-05,4312.0,685.0,ND,30.0,-2897,5505.0,71200,14fe0a99e76a388fef3c20be9968eba7f588c94d
,,72650,Données définitives,,,,,,2012-01-05 09:15:00+00:00,10:15,,France,,,,,2012-01-05,,,,,,,71200,c0ea4eea4a90645dcfc6024fad61f4e6c76db4a4
575.0,12643.0,72600,Données définitives,-861.0,-9182.0,-1749.0,0.0,59421.0,2012-01-05 09:00:00+00:00,10:00,129.0,France,-1162.0,74185.0,-8.0,-2615.0,2012-01-05,4356.0,689.0,ND,30.0,-2897,5563.0,71200,74de85eab92ae80065d3dc2ba72b05b741e1a6cf
,,72400,Données définitives,,,,,,2012-01-05 08:45:00+00:00,09:45,,France,,,,,2012-01-05,,,,,,,71300,22cea16d9ebc0662dfd5d73812d69b32b3ec57e3
494.0,12508.0,72200,Données définitives,-861.0,-9406.0,-1750.0,0.0,59468.0,2012-01-05 08:30:00+00:00,09:30,77.0,France,-1162.0,73823.0,-8.0,-2307.0,2012-01-05,4382.0,689.0,ND,29.0,-2937,5620.0,71400,5189f3aa3e684183be1222a841ab8d7e30310b44
,,72150,Données définitives,,,,,,2012-01-05 08:15:00+00:00,09:15,,France,,,,,2012-01-05,,,,,,,71300,7820a0d806ef1866f428a38e1ad76427ce9d8cd6
491.0,11946.0,72100,Données définitives,-861.0,-8582.0,-1750.0,0.0,59215.0,2012-01-05 08:00:00+00:00,09:00,23.0,France,-1162.0,73766.0,-8.0,-2307.0,2012-01-05,4325.0,685.0,ND,29.0,-2937,5670.0,71200,b498bb263f7b1f64c22ff2078c74a95a4097bd8e
,,72400,Données définitives,,,,,,2012-01-05 07:45:00+00:00,08:45,,France,,,,,2012-01-05,,,,,,,71600,3cf5412b6d14f4ee680fec41c305cc50761c4fa3
491.0,12267.0,72700,Données définitives,-861.0,-8645.0,-1633.0,0.0,59525.0,2012-01-05 07:30:00+00:00,08:30,2.0,France,-1161.0,74133.0,-25.0,-2369.0,2012-01-05,4226.0,683.0,ND,29.0,-2163,5608.0,72000,30c9611128dd3e7c2d841cd7282ae8a02827c786
,,72450,Données définitives,,,,,,2012-01-05 07:15:00+00:00,08:15,,France,,,,,2012-01-05,,,,,,,71900,4d0fd403530071efefc11a36423486e0e9db7e30
491.0,10758.0,72200,Données définitives,-861.0,-7583.0,-1633.0,0.0,59792.0,2012-01-05 07:00:00+00:00,08:00,0.0,France,-1161.0,73668.0,-24.0,-2369.0,2012-01-05,3930.0,689.0,ND,28.0,-2163,5615.0,71800,b3cf0a93bad08219e72a388db0c9a39dd8bf053c
,,71300,Données définitives,,,,,,2012-01-05 06:45:00+00:00,07:45,,France,,,,,2012-01-05,,,,,,,70800,e18fa9a586791a090bb9133d4b811849aeae73e6
492.0,9228.0,70400,Données définitives,-861.0,-7380.0,-1742.0,0.0,59076.0,2012-01-05 06:30:00+00:00,07:30,0.0,France,-1200.0,71594.0,-25.0,-2492.0,2012-01-05,3923.0,691.0,ND,29.0,-1104,5589.0,69800,e93312f612660b43cc8dd88f2da3ae39a4ba5da7
,,68800,Données définitives,,,,,,2012-01-05 06:15:00+00:00,07:15,,France,,,,,2012-01-05,,,,,,,67900,02f29d7664fcb69eb44e45f284c5fb96daa28a4b
493.0,8625.0,67200,Données définitives,-861.0,-8246.0,-1742.0,0.0,57257.0,2012-01-05 06:00:00+00:00,07:00,0.0,France,-1200.0,68131.0,-25.0,-2492.0,2012-01-05,3823.0,691.0,ND,29.0,-1104,5513.0,66000,a83071457cd394d83c9b511fea271d989a58c611
,,65150,Données définitives,,,,,,2012-01-05 05:45:00+00:00,06:45,,France,,,,,2012-01-05,,,,,,,64200,66b75dbe857b358ab2722cb1bc817ac4157a49b7
493.0,8142.0,63100,Données définitives,-861.0,-8681.0,-1750.0,0.0,54664.0,2012-01-05 05:30:00+00:00,06:30,0.0,France,-1400.0,64353.0,-241.0,-2419.0,2012-01-05,3784.0,688.0,ND,30.0,-1758,5504.0,62400,09a2990608c81f74d7df61ddcc5a0321b1369f4a
,,61200,Données définitives,,,,,,2012-01-05 05:15:00+00:00,06:15,,France,,,,,2012-01-05,,,,,,,60700,43a5a3941f3a674d9826127ee5b5ca428a65494a
490.0,7293.0,59300,Données définitives,-861.0,-7012.0,-1750.0,0.0,52036.0,2012-01-05 05:00:00+00:00,06:00,0.0,France,-1400.0,60585.0,-2166.0,-2419.0,2012-01-05,3770.0,690.0,ND,33.0,-1758,5483.0,59000,c999119cfc03f16e0d57a4b8087a8b4a4d402abf
,,58300,Données définitives,,,,,,2012-01-05 04:45:00+00:00,05:45,,France,,,,,2012-01-05,,,,,,,58150,35a1c8a3ab74f22d433643dae6e182ab193e48a3
491.0,7016.0,57300,Données définitives,-861.0,-7026.0,-1750.0,0.0,50622.0,2012-01-05 04:30:00+00:00,05:30,0.0,France,-1400.0,58897.0,-2181.0,-2011.0,2012-01-05,3789.0,695.0,ND,34.0,-681,5491.0,57300,29cc03e96db46f80893231e05b33392e2191aa12
,,56550,Données définitives,,,,,,2012-01-05 04:15:00+00:00,05:15,,France,,,,,2012-01-05,,,,,,,56650,1c04d38abf5c22e1d0579e43adc4ab572329c7fe
490.0,6744.0,55800,Données définitives,-861.0,-6458.0,-1750.0,0.0,49664.0,2012-01-05 04:00:00+00:00,05:00,0.0,France,-1400.0,57286.0,-3153.0,-2011.0,2012-01-05,3802.0,695.0,ND,35.0,-681,5502.0,56000,6526c5034a7d9d2c19562f2443161342e72d79aa
,,55550,Données définitives,,,,,,2012-01-05 03:45:00+00:00,04:45,,France,,,,,2012-01-05,,,,,,,55700,ab28f9a9f9090736998b69bc639bd025d51a6041
489.0,6636.0,55300,Données définitives,-861.0,-6231.0,-1750.0,0.0,49317.0,2012-01-05 03:30:00+00:00,04:30,0.0,France,-1400.0,56923.0,-3248.0,-1706.0,2012-01-05,3783.0,695.0,ND,35.0,-387,5480.0,55400,a33b934c66fd125be518a05bb79fb7c87b396d1b
,,55400,Données définitives,,,,,,2012-01-05 03:15:00+00:00,04:15,,France,,,,,2012-01-05,,,,,,,55800,01259f989369440f3d43c80ba11863e835189e80
489.0,6633.0,55500,Données définitives,-861.0,-6041.0,-1750.0,1.0,49409.0,2012-01-05 03:00:00+00:00,04:00,0.0,France,-1400.0,57258.0,-3248.0,-1706.0,2012-01-05,3770.0,701.0,ND,35.0,-387,5544.0,56200,c8e2af904ba8eaa791069052fc783c17294209f1
,,55950,Données définitives,,,,,,2012-01-05 02:45:00+00:00,03:45,,France,,,,,2012-01-05,,,,,,,56700,be7caf63817f293adadf35f8c5feee0d14b15ad5
490.0,6713.0,56400,Données définitives,-861.0,-6069.0,-1750.0,1.0,49787.0,2012-01-05 02:30:00+00:00,03:30,0.0,France,-1400.0,58245.0,-2707.0,-1677.0,2012-01-05,3766.0,705.0,ND,34.0,-226,5560.0,57200,81b5638759a06f188e78bc4684a28a0ab7b19dad
,,57100,Données définitives,,,,,,2012-01-05 02:15:00+00:00,03:15,,France,,,,,2012-01-05,,,,,,,57900,423e3c6d22724c1e70c568af9a7294a9146663c0
490.0,6788.0,57800,Données définitives,-861.0,-7312.0,-1750.0,0.0,52266.0,2012-01-05 02:00:00+00:00,03:00,0.0,France,-1400.0,59574.0,-2667.0,-1677.0,2012-01-05,3775.0,699.0,ND,33.0,-226,5534.0,58600,acd3b570c26ad17de6a89f72469e94e73385f758
,,58700,Données définitives,,,,,,2012-01-05 01:45:00+00:00,02:45,,France,,,,,2012-01-05,,,,,,,59550,bd2f0e5e61a691c0bd7db7470d9dfa26f2fdd00c
491.0,6898.0,59600,Données définitives,-861.0,-6850.0,-1750.0,2.0,53912.0,2012-01-05 01:30:00+00:00,02:30,0.0,France,-1400.0,61501.0,-2919.0,-1766.0,2012-01-05,3781.0,700.0,ND,32.0,-675,5486.0,60500,7dc1bd995e1a6a7501122f4c45f75c9c6f8332f1
,,60200,Données définitives,,,,,,2012-01-05 01:15:00+00:00,02:15,,France,,,,,2012-01-05,,,,,,,60900,0912ee7ba2e70dd98dcb8b871f2eea5bb2c1c1e3
491.0,7052.0,60800,Données définitives,-861.0,-6526.0,-1750.0,5.0,53769.0,2012-01-05 01:00:00+00:00,02:00,0.0,France,-1400.0,61889.0,-2987.0,-1766.0,2012-01-05,3804.0,712.0,ND,33.0,-675,5569.0,61300,076c763980ff63af2672987adad587471a9ff684
,,60900,Données définitives,,,,,,2012-01-05 00:45:00+00:00,01:45,,France,,,,,2012-01-05,,,,,,,61250,bc354d58f865a5710d0acda05a4ba6ab6761a87a
491.0,7305.0,61000,Données définitives,-861.0,-6763.0,-1750.0,3.0,54201.0,2012-01-05 00:30:00+00:00,01:30,0.0,France,-1400.0,62331.0,-2982.0,-1962.0,2012-01-05,3801.0,708.0,ND,32.0,-431,5567.0,61200,4ff78726cd206c01280ab65d8259508356868961
,,60800,Données définitives,,,,,,2012-01-05 00:15:00+00:00,01:15,,France,,,,,2012-01-05,,,,,,,61100,4ba24b0fa8aaa070a0f87c11b995b2c809e46432
491.0,7631.0,60600,Données définitives,-861.0,-6932.0,-1750.0,3.0,54133.0,2012-01-05 00:00:00+00:00,01:00,0.0,France,-1400.0,62447.0,-2953.0,-1962.0,2012-01-05,3802.0,707.0,ND,32.0,-431,5566.0,61000,9c2cf20d2fd446e81ade6947e00835d82b7057db
,,61800,Données définitives,,,,,,2012-01-04 23:45:00+00:00,00:45,,France,,,,,2012-01-05,,,,,,,62000,8b6cff50d8c2c65d3ab076eeaf2978ad0980cae6
490.0,8234.0,63000,Données définitives,-861.0,-7094.0,-1750.0,0.0,55710.0,2012-01-04 23:30:00+00:00,00:30,0.0,France,-1200.0,65123.0,-2314.0,-2090.0,2012-01-05,3795.0,714.0,ND,31.0,-857,5588.0,63000,841c10748933be2328f06b2ee98f29f6fa5c8902
,,64150,Données définitives,,,,,,2012-01-04 23:15:00+00:00,00:15,,France,,,,,2012-01-05,,,,,,,64100,8ab9fd3781fe45c62b7f4315eac88d11f35e76c6
491.0,8412.0,65300,Données définitives,-861.0,-7778.0,-1750.0,1.0,57929.0,2012-01-04 23:00:00+00:00,00:00,0.0,France,-1200.0,67042.0,-2118.0,-2090.0,2012-01-05,3814.0,707.0,ND,30.0,-857,5583.0,65200,00018a270990829b6d898af5f789b832c330b572
,,65550,Données définitives,,,,,,2012-01-04 22:45:00+00:00,23:45,,France,,,,,2012-01-04,,,,,,,65550,258b8033e22399b7c39cd3bffbe9be5ab72ab302
491.0,8332.0,65900,Données définitives,-862.0,-7716.0,-1750.0,4.0,58015.0,2012-01-04 22:30:00+00:00,23:30,0.0,France,-1200.0,67376.0,-1816.0,-2568.0,2012-01-04,3814.0,706.0,ND,30.0,-1070,5546.0,65900,ad27d0cd969b36bbcbdfc2ed2092a5f43a2acf61
,,66900,Données définitives,,,,,,2012-01-04 22:15:00+00:00,23:15,,France,,,,,2012-01-04,,,,,,,66900,1e92f6c17707594e5da649d1e99424a632705f6e
492.0,8713.0,67900,Données définitives,-862.0,-9111.0,-1750.0,1.0,59463.0,2012-01-04 22:00:00+00:00,23:00,0.0,France,-1200.0,68550.0,-1090.0,-2568.0,2012-01-04,3817.0,701.0,ND,29.0,-1070,5564.0,67900,d3aef44639fcb9dec2a4aea4d477f4febc49c41b
,,67150,Données définitives,,,,,,2012-01-04 21:45:00+00:00,22:45,,France,,,,,2012-01-04,,,,,,,67150,07b1c2093c1004dc3d774d933a57d20aa385ce76
490.0,8502.0,66400,Données définitives,-862.0,-9502.0,-1647.0,0.0,58449.0,2012-01-04 21:30:00+00:00,22:30,0.0,France,-1200.0,66878.0,-1183.0,-2903.0,2012-01-04,3819.0,707.0,ND,29.0,-2209,5596.0,66400,2d7efd12600f32f128f1d9f839b5f15b7e52e6a0
,,65900,Données définitives,,,,,,2012-01-04 21:15:00+00:00,22:15,,France,,,,,2012-01-04,,,,,,,65900,2533b0a3d722f0a0202749f27e651ae79d8e2461
491.0,8610.0,65400,Données définitives,-862.0,-10198.0,-1647.0,0.0,58623.0,2012-01-04 21:00:00+00:00,22:00,0.0,France,-1200.0,66808.0,-848.0,-2903.0,2012-01-04,3823.0,711.0,ND,29.0,-2209,5596.0,65400,a9f29695bffe9566183cac66bc478e8c68930f1a
,,66550,Données définitives,,,,,,2012-01-04 20:45:00+00:00,21:45,,France,,,,,2012-01-04,,,,,,,66550,a77726272346035f03155398b2191980d358a760
491.0,9511.0,67700,Données définitives,-862.0,-10064.0,-1670.0,0.0,59361.0,2012-01-04 20:30:00+00:00,21:30,0.0,France,-1200.0,68726.0,-705.0,-2807.0,2012-01-04,3861.0,708.0,ND,28.0,-3278,5563.0,67700,7ae379ca6f9bece540bf522d29749bb2a4e74a93
,,68950,Données définitives,,,,,,2012-01-04 20:15:00+00:00,21:15,,France,,,,,2012-01-04,,,,,,,68950,951db5a57be19691bfa3eac024f84a9850dc2f95
491.0,10802.0,70200,Données définitives,-862.0,-9626.0,-1670.0,0.0,59395.0,2012-01-04 20:00:00+00:00,21:00,0.0,France,-1200.0,70927.0,-156.0,-2807.0,2012-01-04,3836.0,703.0,ND,28.0,-3278,5482.0,70200,e348e74d1fd5fae2202402519d45cbd190b0099a
,,71350,Données définitives,,,,,,2012-01-04 19:45:00+00:00,20:45,,France,,,,,2012-01-04,,,,,,,71350,07b436a9b279cc2d44e8615ae1004e9e8093770e
493.0,12008.0,72500,Données définitives,-862.0,-9321.0,-1750.0,0.0,59919.0,2012-01-04 19:30:00+00:00,20:30,0.0,France,-1200.0,72985.0,-25.0,-2770.0,2012-01-04,3842.0,691.0,ND,27.0,-2487,5378.0,72500,098354f0af80f84f6f5dda95302133aa580bd541
,,73450,Données définitives,,,,,,2012-01-04 19:15:00+00:00,20:15,,France,,,,,2012-01-04,,,,,,,73450,5b4d93f98cd97e88861f90ce3441c0beea83a977
490.0,12865.0,74400,Données définitives,-862.0,-7684.0,-1750.0,0.0,59843.0,2012-01-04 19:00:00+00:00,20:00,0.0,France,-1200.0,75281.0,-24.0,-2770.0,2012-01-04,3849.0,702.0,ND,27.0,-2487,5241.0,74400,8fcf8a4fd09e070482f9ad276e472338360bdbf2
,,75350,Données définitives,,,,,,2012-01-04 18:45:00+00:00,19:45,,France,,,,,2012-01-04,,,,,,,75350,f5bc60b783a23a74702aaaf7ef528be610d7bba7
491.0,14556.0,76300,Données définitives,-862.0,-7686.0,-1750.0,0.0,60172.0,2012-01-04 18:30:00+00:00,19:30,0.0,France,-650.0,77173.0,-24.0,-2352.0,2012-01-04,3822.0,702.0,ND,26.0,-1662,5141.0,76300,d892806f9894dacef5e5f89cd15763cab4affcaa
,,77100,Données définitives,,,,,,2012-01-04 18:15:00+00:00,19:15,,France,,,,,2012-01-04,,,,,,,77100,c0422042202ec520d2668eb2ef445dbbd195da8b
490.0,14824.0,77900,Données définitives,-862.0,-6742.0,-1750.0,0.0,60253.0,2012-01-04 18:00:00+00:00,19:00,0.0,France,-650.0,78337.0,-24.0,-2352.0,2012-01-04,3863.0,690.0,ND,26.0,-1662,4984.0,77900,e0d98b6265b488dcde64d4f82d1fff0f0a4939d2
,,77150,Données définitives,,,,,,2012-01-04 17:45:00+00:00,18:45,,France,,,,,2012-01-04,,,,,,,77200,67765076f619ec6050fef039c92fb160e1b07556
491.0,13809.0,76400,Données définitives,-862.0,-6727.0,-1750.0,0.0,60047.0,2012-01-04 17:30:00+00:00,18:30,0.0,France,760.0,76912.0,-23.0,-2302.0,2012-01-04,3873.0,676.0,ND,27.0,-2294,4766.0,76500,fb70298841fbae7b782dfa9fc8107ceef4cc4daa
,,75650,Données définitives,,,,,,2012-01-04 17:15:00+00:00,18:15,,France,,,,,2012-01-04,,,,,,,75850,5b78236a809ae7942f76bb8fd0aeac5c1990b6de
492.0,14662.0,74900,Données définitives,-862.0,-8955.0,-1750.0,0.0,60363.0,2012-01-04 17:00:00+00:00,18:00,1.0,France,760.0,75482.0,-23.0,-2302.0,2012-01-04,3852.0,683.0,ND,26.0,-2294,4407.0,75200,7806d94c4936f9dcab07246ff0abe6d6ba375ff8
,,73250,Données définitives,,,,,,2012-01-04 16:45:00+00:00,17:45,,France,,,,,2012-01-04,,,,,,,73600,3eaf09be5e087070b63883d889e302fe803ed5c8
492.0,12383.0,71600,Données définitives,-862.0,-9194.0,-1750.0,0.0,60032.0,2012-01-04 16:30:00+00:00,17:30,2.0,France,999.0,72475.0,-24.0,-2878.0,2012-01-04,3851.0,682.0,ND,27.0,-4582,4250.0,72000,f22ddf31a8084785ff940a52803dbf2d2b75013a
,,70150,Données définitives,,,,,,2012-01-04 16:15:00+00:00,17:15,,France,,,,,2012-01-04,,,,,,,70650,c2e10cf869ba2aa8b6e9f8c4802b580dc5fb7f63
582.0,11242.0,68700,Données définitives,-862.0,-10736.0,-1750.0,0.0,59729.0,2012-01-04 16:00:00+00:00,17:00,43.0,France,999.0,69470.0,-16.0,-2878.0,2012-01-04,3851.0,698.0,ND,29.0,-4582,4076.0,69300,357c8c3aea9c6eebad102d0c93f6692140a743f9
,,68200,Données définitives,,,,,,2012-01-04 15:45:00+00:00,16:45,,France,,,,,2012-01-04,,,,,,,68850,0a96e3af2f6c15684fe0ea3a9666cc21322b07e6
577.0,10620.0,67700,Données définitives,-862.0,-10717.0,-1218.0,0.0,59887.0,2012-01-04 15:30:00+00:00,16:30,146.0,France,-947.0,68859.0,-8.0,-3099.0,2012-01-04,3769.0,698.0,ND,29.0,-3938,3888.0,68400,5a06d12b4aa72269226bc027c785a6d94627e56d
,,67450,Données définitives,,,,,,2012-01-04 15:15:00+00:00,16:15,,France,,,,,2012-01-04,,,,,,,68250,67cb5f95fa8b22f687d87727fcfc53a180ebfeb8
537.0,9963.0,67200,Données définitives,-862.0,-10121.0,-1218.0,0.0,59749.0,2012-01-04 15:00:00+00:00,16:00,313.0,France,-947.0,68710.0,-24.0,-3099.0,2012-01-04,3754.0,689.0,ND,28.0,-3938,3850.0,68100,2d65e5410af6f4985c4f335d1b0822215bc81095
,,67150,Données définitives,,,,,,2012-01-04 14:45:00+00:00,15:45,,France,,,,,2012-01-04,,,,,,,68500,8ea7c68c33cbc9615a89cd5168e9e7f707b58826
493.0,10148.0,67100,Données définitives,-861.0,-10394.0,-1269.0,0.0,59726.0,2012-01-04 14:30:00+00:00,15:30,444.0,France,-1200.0,68648.0,-24.0,-2903.0,2012-01-04,3752.0,683.0,ND,28.0,-3436,3820.0,68900,dda94bbbd123e89b616cd086a0cc4d98b2c59ed8
,,67450,Données définitives,,,,,,2012-01-04 14:15:00+00:00,15:15,,France,,,,,2012-01-04,,,,,,,69450,06f812e8e8a9537aad486bcf48732402a0d4066f
493.0,10143.0,67800,Données définitives,-861.0,-9526.0,-1269.0,0.0,59515.0,2012-01-04 14:00:00+00:00,15:00,602.0,France,-1200.0,69402.0,-154.0,-2903.0,2012-01-04,3745.0,683.0,ND,28.0,-3436,3901.0,70000,5b406951c44024579fddb97be79ac667feb1278a
,,68550,Données définitives,,,,,,2012-01-04 13:45:00+00:00,14:45,,France,,,,,2012-01-04,,,,,,,70700,001abdc49493c38056c2f9d57738dd2c0a597e87
491.0,10912.0,69300,Données définitives,-862.0,-9214.0,-1269.0,0.0,59691.0,2012-01-04 13:30:00+00:00,14:30,697.0,France,-1200.0,70657.0,-185.0,-2889.0,2012-01-04,3721.0,692.0,ND,27.0,-2513,3852.0,71400,dc9f523f7f38a78fb1784b405c2f13bc2fdec1f4
,,69400,Données définitives,,,,,,2012-01-04 13:15:00+00:00,14:15,,France,,,,,2012-01-04,,,,,,,71600,e279899c13ad0cedb735ceb3104a0d0d3583d44e
492.0,11185.0,69500,Données définitives,-862.0,-9377.0,-1269.0,0.0,59731.0,2012-01-04 13:00:00+00:00,14:00,782.0,France,-1200.0,70932.0,-53.0,-2889.0,2012-01-04,3713.0,685.0,ND,27.0,-2513,3774.0,71800,4d08a0050896e60b2d89f0f5f98c0164609e034e
,,69650,Données définitives,,,,,,2012-01-04 12:45:00+00:00,13:45,,France,,,,,2012-01-04,,,,,,,71800,11a6eaf28b0192a666b7665677aa19712ec31865
491.0,11860.0,69800,Données définitives,-862.0,-9596.0,-1367.0,0.0,59783.0,2012-01-04 12:30:00+00:00,13:30,858.0,France,-1125.0,71342.0,-18.0,-2890.0,2012-01-04,3609.0,688.0,ND,27.0,-2706,3667.0,71800,203dc016f6db0ac624b2259c738d3c550d489993
,,70850,Données définitives,,,,,,2012-01-04 12:15:00+00:00,13:15,,France,,,,,2012-01-04,,,,,,,72650,8fa992a2c6adc56369a7c35db2d00735f19b82dd
850.0,11569.0,71900,Données définitives,-862.0,-8708.0,-1367.0,0.0,59952.0,2012-01-04 12:00:00+00:00,13:00,895.0,France,-1125.0,72381.0,-18.0,-2890.0,2012-01-04,3620.0,682.0,ND,30.0,-2706,3539.0,73500,80364452b0d55d4a44cd436009cae499f9d2d2a3
,,71300,Données définitives,,,,,,2012-01-04 11:45:00+00:00,12:45,,France,,,,,2012-01-04,,,,,,,72800,babdfef5c52bd5f1946c3b827c006ce113ec49e2
841.0,11491.0,70700,Données définitives,-862.0,-8632.0,-1362.0,0.0,60081.0,2012-01-04 11:30:00+00:00,12:30,908.0,France,-854.0,72394.0,-18.0,-2853.0,2012-01-04,3623.0,678.0,ND,30.0,-2339,3421.0,72100,4bf5690b36ac26b8b568eb4c0442ba99dda8c70d
,,71250,Données définitives,,,,,,2012-01-04 11:15:00+00:00,12:15,,France,,,,,2012-01-04,,,,,,,72750,46eeede9d3d9cb39bfb5acf815174c1effe6cad3
960.0,12026.0,71800,Données définitives,-862.0,-8282.0,-1362.0,0.0,60087.0,2012-01-04 11:00:00+00:00,12:00,841.0,France,-854.0,73199.0,-10.0,-2853.0,2012-01-04,3615.0,672.0,ND,31.0,-2339,3289.0,73400,448d661efc6d7edede33acffe59bacdb3307db22
,,71750,Données définitives,,,,,,2012-01-04 10:45:00+00:00,11:45,,France,,,,,2012-01-04,,,,,,,73350,7517b8d1bd833056cc458b3b8b5da37ae4bf406a
955.0,12017.0,71700,Données définitives,-862.0,-8166.0,-1346.0,0.0,59998.0,2012-01-04 10:30:00+00:00,11:30,760.0,France,-749.0,73046.0,-2.0,-2742.0,2012-01-04,3614.0,666.0,ND,31.0,-2207,3204.0,73300,a9ed4dd086d67a26d2826a8475e4a2cb3ee63271
,,71750,Données définitives,,,,,,2012-01-04 10:15:00+00:00,11:15,,France,,,,,2012-01-04,,,,,,,72900,b6ede104842c8948a8fd9a33796f210597bfd3d2
1043.0,11766.0,71800,Données définitives,-862.0,-7657.0,-1346.0,0.0,59796.0,2012-01-04 10:00:00+00:00,11:00,568.0,France,-749.0,72955.0,-2.0,-2742.0,2012-01-04,3608.0,656.0,ND,32.0,-2207,3177.0,72500,d11f37533e10a1ccfe6ae44d9e288cb33300525e
,,72150,Données définitives,,,,,,2012-01-04 09:45:00+00:00,10:45,,France,,,,,2012-01-04,,,,,,,72700,aaef8f1e4f1c07a1679a0c304b8910107e09a4fa
612.0,12264.0,72500,Données définitives,-862.0,-7595.0,-1366.0,0.0,59860.0,2012-01-04 09:30:00+00:00,10:30,412.0,France,-1124.0,73244.0,-2.0,-1840.0,2012-01-04,3628.0,657.0,ND,28.0,-2038,3408.0,72900,1839218caeb060bce923168a90028fa5bdb479cf
,,72250,Données définitives,,,,,,2012-01-04 09:15:00+00:00,10:15,,France,,,,,2012-01-04,,,,,,,72550,f375aa1859b1990231613f89c69dc3585e83dda9
578.0,12374.0,72000,Données définitives,-862.0,-7455.0,-1366.0,0.0,59755.0,2012-01-04 09:00:00+00:00,10:00,253.0,France,-1124.0,73373.0,-15.0,-1840.0,2012-01-04,3626.0,658.0,ND,27.0,-2038,3601.0,72200,082a7a098d279e7243a657854bfb567adf471b29
,,72050,Données définitives,,,,,,2012-01-04 08:45:00+00:00,09:45,,France,,,,,2012-01-04,,,,,,,72050,6b31b362818640930388552b60a496d3f1a4795e
506.0,12351.0,72100,Données définitives,-862.0,-7429.0,-1377.0,0.0,59660.0,2012-01-04 08:30:00+00:00,09:30,108.0,France,-1050.0,73257.0,-19.0,-2093.0,2012-01-04,3654.0,653.0,ND,27.0,-1718,3773.0,71900,c1d4a953527c2a499653ff80f99ab283344ce966
,,71950,Données définitives,,,,,,2012-01-04 08:15:00+00:00,09:15,,France,,,,,2012-01-04,,,,,,,71650,7ca940ed666fe301144cc87c766a91d7593e2ec0
499.0,12879.0,71800,Données définitives,-862.0,-8064.0,-1377.0,0.0,59760.0,2012-01-04 08:00:00+00:00,09:00,19.0,France,-1050.0,73197.0,-101.0,-2093.0,2012-01-04,3646.0,654.0,ND,26.0,-1718,3906.0,71400,dd953ba672ff31d3060e7321b157df59c1ae0769
,,71900,Données définitives,,,,,,2012-01-04 07:45:00+00:00,08:45,,France,,,,,2012-01-04,,,,,,,71150,bf7e03c17a9d2d9467d9a1a504f50e9cb11fc0b8
490.0,12606.0,72000,Données définitives,-862.0,-7851.0,-1287.0,0.0,59832.0,2012-01-04 07:30:00+00:00,08:30,3.0,France,-941.0,73326.0,-101.0,-2903.0,2012-01-04,3659.0,657.0,ND,26.0,-1827,4032.0,70900,5ac936da946579481db6bdc3b0bdf3c83e764312
,,71550,Données définitives,,,,,,2012-01-04 07:15:00+00:00,08:15,,France,,,,,2012-01-04,,,,,,,70500,47620f1cab9072f80e3599122ba9bd9800b72ee3
491.0,11739.0,71100,Données définitives,-862.0,-8298.0,-1287.0,0.0,59688.0,2012-01-04 07:00:00+00:00,08:00,0.0,France,-941.0,71959.0,-101.0,-2903.0,2012-01-04,3662.0,666.0,ND,27.0,-1827,4111.0,70100,ad838200d2f4e2ea089c9bb9d3168762ac0c2f5e
,,70050,Données définitives,,,,,,2012-01-04 06:45:00+00:00,07:45,,France,,,,,2012-01-04,,,,,,,69100,21e021a4cb68c0dbd02fe9af8ee604d8a08e3939
491.0,10480.0,69000,Données définitives,-862.0,-8706.0,-1552.0,0.0,59320.0,2012-01-04 06:30:00+00:00,07:30,0.0,France,-1200.0,69997.0,-101.0,-2889.0,2012-01-04,3663.0,669.0,ND,27.0,-1848,4181.0,68100,062621c1048d499c1239bb07a9554596cbee91ca
,,67600,Données définitives,,,,,,2012-01-04 06:15:00+00:00,07:15,,France,,,,,2012-01-04,,,,,,,66350,fdca46e1a196635fa11046e08d65afd0b742c197
490.0,8935.0,66200,Données définitives,-862.0,-9234.0,-1552.0,0.0,58109.0,2012-01-04 06:00:00+00:00,07:00,0.0,France,-1200.0,66855.0,-104.0,-2889.0,2012-01-04,3659.0,659.0,ND,28.0,-1848,4340.0,64600,da70cee72c8e94b491ce93a8c6b8c3f897bd9388
,,64350,Données définitives,,,,,,2012-01-04 05:45:00+00:00,06:45,,France,,,,,2012-01-04,,,,,,,62750,a82387f1e90eaad9d37de775a26e2175b43a1ad4
491.0,7817.0,62500,Données définitives,-862.0,-9389.0,-1619.0,0.0,56919.0,2012-01-04 05:30:00+00:00,06:30,0.0,France,-804.0,63366.0,-1237.0,-2888.0,2012-01-04,3671.0,661.0,ND,30.0,-3033,4431.0,60900,1931ef19568c2b6dae344296ad0ae6fbcb9ff3ec
,,60650,Données définitives,,,,,,2012-01-04 05:15:00+00:00,06:15,,France,,,,,2012-01-04,,,,,,,59400,f5cf1884ed0550b2a2a96ad3e8c7e5f38fdde824
489.0,7098.0,58800,Données définitives,-862.0,-8693.0,-1619.0,0.0,54816.0,2012-01-04 05:00:00+00:00,06:00,0.0,France,-804.0,59642.0,-2810.0,-2888.0,2012-01-04,3635.0,662.0,ND,31.0,-3033,4445.0,57900,1dfbd3902417e72dc40da49aae2e183911e12b11
,,57900,Données définitives,,,,,,2012-01-04 04:45:00+00:00,05:45,,France,,,,,2012-01-04,,,,,,,57000,5bdd125987325092365e27dcbb82819bd22e8f2d
491.0,6933.0,57000,Données définitives,-862.0,-8659.0,-1750.0,0.0,53196.0,2012-01-04 04:30:00+00:00,05:30,0.0,France,-687.0,57863.0,-2823.0,-2393.0,2012-01-04,3625.0,673.0,ND,32.0,-2643,4426.0,56100,baa52f7b8261e40f28126cb15457d3f5ea862c93
,,56150,Données définitives,,,,,,2012-01-04 04:15:00+00:00,05:15,,France,,,,,2012-01-04,,,,,,,55350,158f40092ac9c5e335e1f5d26fb1f68fa44da6f2
489.0,6296.0,55300,Données définitives,-862.0,-6285.0,-1750.0,0.0,49964.0,2012-01-04 04:00:00+00:00,05:00,0.0,France,-687.0,55992.0,-3182.0,-2393.0,2012-01-04,3620.0,674.0,ND,34.0,-2643,4414.0,54600,74152cebcb89ad1999ffea20a2d1ddcd8732cd9d
,,54800,Données définitives,,,,,,2012-01-04 03:45:00+00:00,04:45,,France,,,,,2012-01-04,,,,,,,54250,f70de59f1a38694882587f7516577da8d235e4aa
489.0,6307.0,54300,Données définitives,-862.0,-6301.0,-1750.0,0.0,49720.0,2012-01-04 03:30:00+00:00,04:30,0.0,France,-583.0,55628.0,-3239.0,-2229.0,2012-01-04,3628.0,672.0,ND,34.0,-534,4352.0,53900,fd5379f52731111d1618d0b014ac3e5ebd4a0a7e
,,54400,Données définitives,,,,,,2012-01-04 03:15:00+00:00,04:15,,France,,,,,2012-01-04,,,,,,,54100,bdc8d1c42f6eabdd19f4c1b1f9d70d2e98f1675e
490.0,6705.0,54500,Données définitives,-862.0,-6405.0,-1750.0,0.0,48895.0,2012-01-04 03:00:00+00:00,04:00,0.0,France,-583.0,55655.0,-2635.0,-2229.0,2012-01-04,3624.0,680.0,ND,35.0,-534,4302.0,54300,1fd8382da7ce31f37e3f661103c1647bbbf2cb68
,,54900,Données définitives,,,,,,2012-01-04 02:45:00+00:00,03:45,,France,,,,,2012-01-04,,,,,,,55000,eae77c48c9476ab0e000dab423565e725e223d35
491.0,6844.0,55300,Données définitives,-862.0,-6380.0,-1750.0,1.0,49637.0,2012-01-04 02:30:00+00:00,03:30,0.0,France,-965.0,56545.0,-2439.0,-1979.0,2012-01-04,3648.0,683.0,ND,34.0,-519,4060.0,55700,ec0dbcbf588e47aaa442b714710af99103199191
,,55800,Données définitives,,,,,,2012-01-04 02:15:00+00:00,03:15,,France,,,,,2012-01-04,,,,,,,56200,ad7de1040fbc71bc7eaf65ae5e83cde047325afd
490.0,7282.0,56300,Données définitives,-862.0,-6391.0,-1750.0,0.0,50817.0,2012-01-04 02:00:00+00:00,03:00,0.0,France,-965.0,57569.0,-2875.0,-1979.0,2012-01-04,3565.0,685.0,ND,33.0,-519,3995.0,56700,a71a3bdad624afc286c53311819642ef65cdffd4
,,57200,Données définitives,,,,,,2012-01-04 01:45:00+00:00,02:45,,France,,,,,2012-01-04,,,,,,,57550,d8b6c74400342d672f947c0d194a2f98b82b86b1
491.0,7617.0,58100,Données définitives,-862.0,-6622.0,-1750.0,0.0,52242.0,2012-01-04 01:30:00+00:00,02:30,0.0,France,-1300.0,59353.0,-2621.0,-2077.0,2012-01-04,3586.0,685.0,ND,32.0,-288,3975.0,58400,4f075d855888fcaf50ab898a85bbca776cf3b846
,,58750,Données définitives,,,,,,2012-01-04 01:15:00+00:00,02:15,,France,,,,,2012-01-04,,,,,,,59000,96addb05f3d767a99851f9657dd786824c93ea7a
489.0,7888.0,59400,Données définitives,-862.0,-6867.0,-1750.0,1.0,52603.0,2012-01-04 01:00:00+00:00,02:00,0.0,France,-1300.0,59709.0,-2615.0,-2077.0,2012-01-04,3578.0,681.0,ND,32.0,-288,3952.0,59600,94a5cfe77b335923676c805621d7d0870e7150b5
,,59450,Données définitives,,,,,,2012-01-04 00:45:00+00:00,01:45,,France,,,,,2012-01-04,,,,,,,59650,235c6002b51f2cdcc209975d5de9847da89af4d8
490.0,7640.0,59500,Données définitives,-862.0,-6837.0,-1750.0,0.0,53360.0,2012-01-04 00:30:00+00:00,01:30,0.0,France,-1400.0,60194.0,-2617.0,-2166.0,2012-01-04,3638.0,679.0,ND,32.0,-321,3841.0,59700,5da440d9116fc7659dbc4fd281f48dbfb9cb347c
,,59400,Données définitives,,,,,,2012-01-04 00:15:00+00:00,01:15,,France,,,,,2012-01-04,,,,,,,59500,5fdca1bb3badcaf3d58b2d941182175b55de1b2d
491.0,7705.0,59300,Données définitives,-862.0,-7050.0,-1750.0,0.0,53872.0,2012-01-04 00:00:00+00:00,01:00,0.0,France,-1400.0,60564.0,-2620.0,-2166.0,2012-01-04,3743.0,685.0,ND,32.0,-321,3740.0,59300,2afc73f1e3975009255fcaafcb1843ca60e27d5d
,,60550,Données définitives,,,,,,2012-01-03 23:45:00+00:00,00:45,,France,,,,,2012-01-04,,,,,,,60550,fe54998edce392f5090df01ba36b9c3d20c5a417
490.0,7745.0,61800,Données définitives,-862.0,-7351.0,-1750.0,0.0,55811.0,2012-01-03 23:30:00+00:00,00:30,0.0,France,-1200.0,63129.0,-1680.0,-2224.0,2012-01-04,3765.0,703.0,ND,31.0,-797,3645.0,61800,e5d029ad458583e59cbec2a45b4a64ec03aff9c3
,,62800,Données définitives,,,,,,2012-01-03 23:15:00+00:00,00:15,,France,,,,,2012-01-04,,,,,,,62650,1c3dd7a2cd3048faa860fa91d0a679eee3932888
490.0,8169.0,63800,Données définitives,-862.0,-7668.0,-1750.0,0.0,57851.0,2012-01-03 23:00:00+00:00,00:00,0.0,France,-1200.0,65081.0,-1756.0,-2224.0,2012-01-04,3795.0,709.0,ND,31.0,-797,3490.0,63500,5ed095792917bc49c6e6ce9ad74a40492f3dedce
,,63750,Données définitives,,,,,,2012-01-03 22:45:00+00:00,23:45,,France,,,,,2012-01-03,,,,,,,63700,5e454ce1ceb9ddb87babe3e7ab4c6ced3f671657
492.0,8170.0,64000,Données définitives,-862.0,-7679.0,-1750.0,2.0,57937.0,2012-01-03 22:30:00+00:00,23:30,0.0,France,-1200.0,65479.0,-1500.0,-2632.0,2012-01-03,3802.0,705.0,ND,30.0,-1097,3551.0,63900,048887e1f014ec910355f52161fbe845f9b24579
,,65100,Données définitives,,,,,,2012-01-03 22:15:00+00:00,23:15,,France,,,,,2012-01-03,,,,,,,65000,7e95442f07ff5cf3f548e5a040a06a37f0e75dc6
491.0,8938.0,66200,Données définitives,-862.0,-10090.0,-1750.0,0.0,59669.0,2012-01-03 22:00:00+00:00,23:00,0.0,France,-1200.0,66939.0,-221.0,-2632.0,2012-01-03,3813.0,691.0,ND,29.0,-1097,3648.0,66100,de08271c1c4af24bb2cf34b55f13401d46e272a4
,,65600,Données définitives,,,,,,2012-01-03 21:45:00+00:00,22:45,,France,,,,,2012-01-03,,,,,,,65450,0b5e607d492a18891cd7208dfd9e19315c1879e9
491.0,8105.0,65000,Données définitives,-862.0,-9961.0,-1750.0,0.0,58561.0,2012-01-03 21:30:00+00:00,22:30,0.0,France,-1200.0,64898.0,-502.0,-3044.0,2012-01-03,3792.0,684.0,ND,30.0,-3060,3728.0,64800,76236a412e2445b68eb27703c1547a73c3fcb8b0
,,64350,Données définitives,,,,,,2012-01-03 21:15:00+00:00,22:15,,France,,,,,2012-01-03,,,,,,,64150,b8220b76a978f9c81dd1c3294b412fe4387dd194
490.0,8146.0,63700,Données définitives,-862.0,-10393.0,-1750.0,0.0,58775.0,2012-01-03 21:00:00+00:00,22:00,0.0,France,-1200.0,64861.0,-759.0,-3044.0,2012-01-03,3797.0,677.0,ND,29.0,-3060,4127.0,63500,525df4f694b04d0e4ca9face12dfb0e42cda7df2
,,64700,Données définitives,,,,,,2012-01-03 20:45:00+00:00,21:45,,France,,,,,2012-01-03,,,,,,,64450,b450bdba0870b6b97f971ea5ec906c6d9fd93a38
491.0,9236.0,65700,Données définitives,-862.0,-10216.0,-1750.0,0.0,59127.0,2012-01-03 20:30:00+00:00,21:30,0.0,France,-1200.0,66829.0,-580.0,-3039.0,2012-01-03,3785.0,678.0,ND,29.0,-3135,4308.0,65400,c1121ebad9daa9dc9237caf2fbf1ca5991c48d05
,,67100,Données définitives,,,,,,2012-01-03 20:15:00+00:00,21:15,,France,,,,,2012-01-03,,,,,,,66750,07bdefb5ec1e06e96d2b8beda7d58d17ad21adfb
491.0,10615.0,68500,Données définitives,-862.0,-10005.0,-1750.0,0.0,59420.0,2012-01-03 20:00:00+00:00,21:00,0.0,France,-1200.0,69189.0,-376.0,-3039.0,2012-01-03,3811.0,673.0,ND,28.0,-3135,4560.0,68100,46b0f411d81b41062341f1e3c8c90a238fcb999a
,,69350,Données définitives,,,,,,2012-01-03 19:45:00+00:00,20:45,,France,,,,,2012-01-03,,,,,,,68950,52b9b3f0a8eefd74030f56d9ebc13eabd742862c
491.0,11945.0,70200,Données définitives,-862.0,-9929.0,-1750.0,0.0,59563.0,2012-01-03 19:30:00+00:00,20:30,0.0,France,-1200.0,71275.0,-65.0,-3185.0,2012-01-03,3870.0,663.0,ND,27.0,-2629,4736.0,69800,d8efc56984c5d73ac831dc5ae3a1141c99b8c060
,,71250,Données définitives,,,,,,2012-01-03 19:15:00+00:00,20:15,,France,,,,,2012-01-03,,,,,,,70800,e14a00e1d92686a337bd077d527106670b132fb8
490.0,12513.0,72300,Données définitives,-862.0,-8820.0,-1750.0,0.0,59598.0,2012-01-03 19:00:00+00:00,20:00,0.0,France,-1200.0,73535.0,-18.0,-3185.0,2012-01-03,4261.0,657.0,ND,29.0,-2629,4853.0,71800,eebbd12f4e2ecef71875dfaf032c201043cb4167
,,73250,Données définitives,,,,,,2012-01-03 18:45:00+00:00,19:45,,France,,,,,2012-01-03,,,,,,,72750,2a59d12ef188ab013ec17069b50de8a7a7991d22
492.0,14318.0,74200,Données définitives,-862.0,-8767.0,-1737.0,0.0,59760.0,2012-01-03 18:30:00+00:00,19:30,0.0,France,-1200.0,75660.0,-19.0,-3184.0,2012-01-03,4235.0,663.0,ND,28.0,-1442,4978.0,73700,720624a2a970644b3a3935a1e885b0a32c3c283b
,,75000,Données définitives,,,,,,2012-01-03 18:15:00+00:00,19:15,,France,,,,,2012-01-03,,,,,,,74450,93280cafa6475384c8ef42a93fbfcba5b6fdd10c
491.0,15061.0,75800,Données définitives,-862.0,-8662.0,-1737.0,0.0,59951.0,2012-01-03 18:00:00+00:00,19:00,0.0,France,-1200.0,76698.0,-18.0,-3184.0,2012-01-03,4244.0,654.0,ND,28.0,-1442,4977.0,75200,b8559ec8282fbe03bde186c1eeabd40f16cc2a19
,,75150,Données définitives,,,,,,2012-01-03 17:45:00+00:00,18:45,,France,,,,,2012-01-03,,,,,,,74600,fd393cbe11ab928918e6f5e6e009a0c99d3d7cf0
491.0,13895.0,74500,Données définitives,-862.0,-8513.0,-1750.0,0.0,59858.0,2012-01-03 17:30:00+00:00,18:30,0.0,France,-1200.0,75611.0,-21.0,-3184.0,2012-01-03,4220.0,655.0,ND,28.0,-1234,5025.0,74000,4f119a7d5b12022dc6226a4982a1d542daa5db62
,,73900,Données définitives,,,,,,2012-01-03 17:15:00+00:00,18:15,,France,,,,,2012-01-03,,,,,,,73500,d2c62d7dd50d16e82cc028c91ad0873dc77ada4c
491.0,14073.0,73300,Données définitives,-862.0,-9878.0,-1750.0,0.0,59853.0,2012-01-03 17:00:00+00:00,18:00,0.0,France,-1200.0,74505.0,-18.0,-3184.0,2012-01-03,4225.0,659.0,ND,28.0,-1234,5100.0,73000,59cb923d7a32c79cc141bf8af05ff2f752f20d12
,,72100,Données définitives,,,,,,2012-01-03 16:45:00+00:00,17:45,,France,,,,,2012-01-03,,,,,,,71850,ee450b25664ba4acfbb63a644df8cd57ccc7c4a5
492.0,11152.0,70900,Données définitives,-862.0,-9654.0,-1750.0,0.0,59830.0,2012-01-03 16:30:00+00:00,17:30,2.0,France,-1200.0,71878.0,-19.0,-3188.0,2012-01-03,4204.0,663.0,ND,29.0,-2654,5208.0,70700,9c6cdabec6c8b18a7829ce233626d11877352f60
,,69200,Données définitives,,,,,,2012-01-03 16:15:00+00:00,17:15,,France,,,,,2012-01-03,,,,,,,69100,d06930d53a0c0e2814c7960c79c33fcba38dd601
492.0,10544.0,67500,Données définitives,-862.0,-10783.0,-1750.0,0.0,59914.0,2012-01-03 16:00:00+00:00,17:00,33.0,France,-1200.0,69380.0,-789.0,-3188.0,2012-01-03,4024.0,649.0,ND,28.0,-2654,5295.0,67500,913db75a59c81c17232f757dd812d84eb989f9dd
,,66850,Données définitives,,,,,,2012-01-03 15:45:00+00:00,16:45,,France,,,,,2012-01-03,,,,,,,66900,06807dbd0db0ee40ef747a442386f808b82e232e
492.0,10055.0,66200,Données définitives,-862.0,-10886.0,-1458.0,0.0,59743.0,2012-01-03 15:30:00+00:00,16:30,111.0,France,-1200.0,68687.0,-794.0,-3188.0,2012-01-03,4015.0,660.0,ND,29.0,-3989,5292.0,66300,72fa183de1748183283e6572c5f5b7e45e623a82
,,66550,Données définitives,,,,,,2012-01-03 15:15:00+00:00,16:15,,France,,,,,2012-01-03,,,,,,,66600,e3d0a9d27a5d1719c598b0f8ecb2435133e1dd8f
491.0,9784.0,66900,Données définitives,-862.0,-10504.0,-1458.0,0.0,59714.0,2012-01-03 15:00:00+00:00,16:00,220.0,France,-1200.0,68904.0,-796.0,-3188.0,2012-01-03,4015.0,660.0,ND,29.0,-3989,5321.0,66900,bdfcc1319400a0e72261f5b2c8cdd80bf8c0c433
,,67200,Données définitives,,,,,,2012-01-03 14:45:00+00:00,15:45,,France,,,,,2012-01-03,,,,,,,67150,51aaa92327c344dacf53f40f4cf7ced2c43238ac
492.0,9827.0,67500,Données définitives,-862.0,-10577.0,-1745.0,0.0,59462.0,2012-01-03 14:30:00+00:00,15:30,332.0,France,-1200.0,69383.0,-256.0,-3186.0,2012-01-03,4080.0,664.0,ND,29.0,-3185,5358.0,67400,8bc979d26061b47ed0021008e559d0e6214451fd
,,67850,Données définitives,,,,,,2012-01-03 14:15:00+00:00,15:15,,France,,,,,2012-01-03,,,,,,,67700,d658aea17dd5a375e8cf6f6a85e0fc42dd5e2cec
491.0,9740.0,68200,Données définitives,-862.0,-9857.0,-1745.0,0.0,59281.0,2012-01-03 14:00:00+00:00,15:00,422.0,France,-1200.0,69849.0,-257.0,-3186.0,2012-01-03,4033.0,663.0,ND,29.0,-3185,5332.0,68000,a45112dad913fc9ed457d9394390a44a078811c5
,,69050,Données définitives,,,,,,2012-01-03 13:45:00+00:00,14:45,,France,,,,,2012-01-03,,,,,,,68800,54f6ec491bcb0510358e00aca904d4dbc2c0d420
488.0,10468.0,69900,Données définitives,-862.0,-9932.0,-1749.0,0.0,59675.0,2012-01-03 13:30:00+00:00,14:30,528.0,France,-1200.0,71332.0,-19.0,-3186.0,2012-01-03,4086.0,661.0,ND,28.0,-2494,5376.0,69600,3c71ec73e0dd24bb23426cfb31f8f2905186cc6b
,,69950,Données définitives,,,,,,2012-01-03 13:15:00+00:00,14:15,,France,,,,,2012-01-03,,,,,,,69900,cb6c45031f3948d1a6a082abae96860efef9afcb
488.0,10265.0,70000,Données définitives,-862.0,-9322.0,-1749.0,0.0,59393.0,2012-01-03 13:00:00+00:00,14:00,586.0,France,-1200.0,71404.0,-19.0,-3186.0,2012-01-03,4048.0,667.0,ND,28.0,-2494,5296.0,70200,1d987480d10b5c2116a4e363b9599b4b95623c3e
,,70200,Données définitives,,,,,,2012-01-03 12:45:00+00:00,13:45,,France,,,,,2012-01-03,,,,,,,70300,e2c1f44059efd776c29313d29f7ce4cea5865db9
490.0,10616.0,70400,Données définitives,-862.0,-9437.0,-1666.0,0.0,59555.0,2012-01-03 12:30:00+00:00,13:30,614.0,France,-1200.0,71871.0,-19.0,-3184.0,2012-01-03,4063.0,664.0,ND,28.0,-2129,5325.0,70400,3fa583d423fe42d302a8f9de871c84db828d12bb
,,71350,Données définitives,,,,,,2012-01-03 12:15:00+00:00,13:15,,France,,,,,2012-01-03,,,,,,,71150,7335b98e0f6ccf7a0423ecae21ffc38bf22fae29
667.0,11105.0,72300,Données définitives,-862.0,-9194.0,-1666.0,0.0,59531.0,2012-01-03 12:00:00+00:00,13:00,617.0,France,-1200.0,72920.0,-18.0,-3184.0,2012-01-03,4241.0,666.0,ND,30.0,-2129,5305.0,71900,442b783c91dff2f30fe896a5d65db172dbda7acf
,,71650,Données définitives,,,,,,2012-01-03 11:45:00+00:00,12:45,,France,,,,,2012-01-03,,,,,,,71200,09aaf0bd3041f79c1a6e6971e46ddf31e28aa19d
662.0,10711.0,71000,Données définitives,-862.0,-9104.0,-1694.0,0.0,59476.0,2012-01-03 11:30:00+00:00,12:30,663.0,France,-1200.0,72610.0,-18.0,-3191.0,2012-01-03,4249.0,662.0,ND,30.0,-1858,5311.0,70500,371d0485d1b74c742bec0d04dfba52163dd648de
,,71600,Données définitives,,,,,,2012-01-03 11:15:00+00:00,12:15,,France,,,,,2012-01-03,,,,,,,71100,a77d68f024bf45da96d276479d0f9e59836b0e4e
789.0,11931.0,72200,Données définitives,-862.0,-9860.0,-1694.0,0.0,59895.0,2012-01-03 11:00:00+00:00,12:00,640.0,France,-1200.0,73534.0,-18.0,-3191.0,2012-01-03,4234.0,657.0,ND,31.0,-1858,5265.0,71700,8d2f9a26245a017c579af5c07fa83426c68afb71
,,72150,Données définitives,,,,,,2012-01-03 10:45:00+00:00,11:45,,France,,,,,2012-01-03,,,,,,,71700,46fb03c30226dc79cefa00613775e1411a40346e
786.0,12083.0,72100,Données définitives,-862.0,-10188.0,-1716.0,0.0,59786.0,2012-01-03 10:30:00+00:00,11:30,564.0,France,-1200.0,73156.0,-18.0,-3184.0,2012-01-03,4213.0,654.0,ND,31.0,-2876,5277.0,71700,69ee46a58e4cb68b33198bcbff7fe021dbbb91e4
,,71750,Données définitives,,,,,,2012-01-03 10:15:00+00:00,11:15,,France,,,,,2012-01-03,,,,,,,71550,f3618fef68e2303b42c5da0bba8e42122abbb106
771.0,12214.0,71400,Données définitives,-862.0,-10789.0,-1716.0,0.0,59884.0,2012-01-03 10:00:00+00:00,11:00,520.0,France,-1200.0,72723.0,-18.0,-3184.0,2012-01-03,4228.0,655.0,ND,31.0,-2876,5260.0,71400,d390922696921564df7ee0a647ee687089c53ff0
,,71700,Données définitives,,,,,,2012-01-03 09:45:00+00:00,10:45,,France,,,,,2012-01-03,,,,,,,71350,675c361c45526131c59620152856d8bb190cda78
511.0,13199.0,72000,Données définitives,-862.0,-10990.0,-1513.0,0.0,59947.0,2012-01-03 09:30:00+00:00,10:30,416.0,France,-1200.0,73183.0,-19.0,-3197.0,2012-01-03,4228.0,650.0,ND,28.0,-3630,5239.0,71300,ae24180c25793e348975f4c57127afae3f15fccb
,,72000,Données définitives,,,,,,2012-01-03 09:15:00+00:00,10:15,,France,,,,,2012-01-03,,,,,,,71400,45a786ca8b5aaefc3f9d5fd548512a6135483e30
483.0,13133.0,72000,Données définitives,-862.0,-10857.0,-1513.0,0.0,59968.0,2012-01-03 09:00:00+00:00,10:00,285.0,France,-1200.0,73197.0,-19.0,-3197.0,2012-01-03,4282.0,655.0,ND,28.0,-3630,5267.0,71500,8c25b4f9ee2b2328ece936005d5d8c524364a434
,,72150,Données définitives,,,,,,2012-01-03 08:45:00+00:00,09:45,,France,,,,,2012-01-03,,,,,,,71350,8ba45afb64c1ec0eba59943e4b2e82f639b7c553
483.0,13194.0,72300,Données définitives,-862.0,-10780.0,-1402.0,0.0,59972.0,2012-01-03 08:30:00+00:00,09:30,156.0,France,-1200.0,73227.0,-19.0,-3193.0,2012-01-03,4298.0,662.0,ND,28.0,-3518,5260.0,71200,b97ffbc1a5bb34b686a22d3333170227b62e113a
,,72200,Données définitives,,,,,,2012-01-03 08:15:00+00:00,09:15,,France,,,,,2012-01-03,,,,,,,71150,57460d3758b1b359a484b01cda4978f361db307f
484.0,13271.0,72100,Données définitives,-862.0,-10827.0,-1402.0,0.0,60085.0,2012-01-03 08:00:00+00:00,09:00,56.0,France,-1200.0,73224.0,-19.0,-3193.0,2012-01-03,4309.0,664.0,ND,28.0,-3518,5202.0,71100,f3ee6d569c1ba0d508243f653ca258028e6be938
,,72250,Données définitives,,,,,,2012-01-03 07:45:00+00:00,08:45,,France,,,,,2012-01-03,,,,,,,71350,0906a1bbc63eed4718ece0a7e151b30578325744
483.0,13695.0,72400,Données définitives,-861.0,-10983.0,-1549.0,0.0,60072.0,2012-01-03 07:30:00+00:00,08:30,3.0,France,-1056.0,73374.0,-19.0,-3192.0,2012-01-03,4296.0,661.0,ND,28.0,-3755,5164.0,71600,d43d6ad35b372955f02b91d98608749368dbb0db
,,72300,Données définitives,,,,,,2012-01-03 07:15:00+00:00,08:15,,France,,,,,2012-01-03,,,,,,,71500,15c4df4b859b2a2ea05ed2ed92806e3745735c4e
485.0,12706.0,72200,Données définitives,-861.0,-9941.0,-1549.0,1.0,59996.0,2012-01-03 07:00:00+00:00,08:00,0.0,France,-1056.0,72996.0,-102.0,-3192.0,2012-01-03,4023.0,671.0,ND,27.0,-3755,5157.0,71400,a14be7d2f09429babe0d4d6c5e7081249e964fc5
,,71200,Données définitives,,,,,,2012-01-03 06:45:00+00:00,07:45,,France,,,,,2012-01-03,,,,,,,70300,a41707dc167966f334713c06e618cc7a06d988f4
485.0,11277.0,70200,Données définitives,-862.0,-9657.0,-1500.0,3.0,59967.0,2012-01-03 06:30:00+00:00,07:30,0.0,France,-1200.0,70887.0,-892.0,-3179.0,2012-01-03,3917.0,672.0,ND,28.0,-2686,5115.0,69200,feb90b9d1177fbf5213a0ca86861ed9f119c5d82
,,68400,Données définitives,,,,,,2012-01-03 06:15:00+00:00,07:15,,France,,,,,2012-01-03,,,,,,,67150,f1b932ce9a840cbb46df0167d531e1909b8666fa
484.0,8513.0,66600,Données définitives,-862.0,-9394.0,-1500.0,4.0,58973.0,2012-01-03 06:00:00+00:00,07:00,0.0,France,-1200.0,67316.0,-901.0,-3179.0,2012-01-03,3930.0,663.0,ND,29.0,-2686,5044.0,65100,0fe2fb3c179c3c54c290e516af76896caea9dc35
,,64800,Données définitives,,,,,,2012-01-03 05:45:00+00:00,06:45,,France,,,,,2012-01-03,,,,,,,63150,eeec77d27f3cd72acbce83717f10eec2595d580f
484.0,7737.0,63000,Données définitives,-862.0,-9686.0,-1550.0,3.0,57424.0,2012-01-03 05:30:00+00:00,06:30,0.0,France,-1075.0,63824.0,-1670.0,-3140.0,2012-01-03,3895.0,658.0,ND,30.0,-3135,4978.0,61200,40ba23010d1ba19f4c26d6a3b0245fce8e5535d9
,,60900,Données définitives,,,,,,2012-01-03 05:15:00+00:00,06:15,,France,,,,,2012-01-03,,,,,,,59550,f69148150a6290396a29163ca9c2451c58806d6f
485.0,6925.0,58800,Données définitives,-862.0,-9527.0,-1550.0,7.0,55377.0,2012-01-03 05:00:00+00:00,06:00,0.0,France,-1075.0,59861.0,-2854.0,-3140.0,2012-01-03,3893.0,670.0,ND,32.0,-3135,4885.0,57900,1c25e11e4ac9ae30ff77502406defcac3cb639d7
,,57800,Données définitives,,,,,,2012-01-03 04:45:00+00:00,05:45,,France,,,,,2012-01-03,,,,,,,56950,d41c5496a2529a261ec40614e4b2dda27fba5df4
484.0,6781.0,56800,Données définitives,-862.0,-9326.0,-1750.0,9.0,53740.0,2012-01-03 04:30:00+00:00,05:30,0.0,France,-1164.0,57846.0,-3131.0,-3095.0,2012-01-03,3875.0,666.0,ND,33.0,-2283,4747.0,56000,35cfe7003962166ab23d176883c9865e806b7601
,,55950,Données définitives,,,,,,2012-01-03 04:15:00+00:00,05:15,,France,,,,,2012-01-03,,,,,,,55150,72d8d778c99e1328a9aa26b7c3eab7e656038bd1
485.0,6429.0,55100,Données définitives,-862.0,-8786.0,-1750.0,13.0,51802.0,2012-01-03 04:00:00+00:00,05:00,0.0,France,-1164.0,55974.0,-3139.0,-3095.0,2012-01-03,3892.0,666.0,ND,35.0,-2283,4611.0,54300,7bd04c1447100f79bcc2cf3b6851cbad7b1c6d95
,,54850,Données définitives,,,,,,2012-01-03 03:45:00+00:00,04:45,,France,,,,,2012-01-03,,,,,,,54150,18d8ccdcb52e2d0ae079c3161ec46c8b7637aee4
485.0,6463.0,54600,Données définitives,-862.0,-8984.0,-1750.0,16.0,51725.0,2012-01-03 03:30:00+00:00,04:30,0.0,France,-835.0,55656.0,-3142.0,-3095.0,2012-01-03,3898.0,662.0,ND,35.0,-2098,4533.0,54000,ddbfcc0e691725589afbcf57e6b521cb017c8ec4
,,54550,Données définitives,,,,,,2012-01-03 03:15:00+00:00,04:15,,France,,,,,2012-01-03,,,,,,,54200,bf91488bdc5a3565f496f6cc1edbd9fd7e2eef00
485.0,6613.0,54500,Données définitives,-862.0,-8684.0,-1750.0,17.0,51530.0,2012-01-03 03:00:00+00:00,04:00,0.0,France,-835.0,55743.0,-3154.0,-3095.0,2012-01-03,3887.0,665.0,ND,35.0,-2098,4385.0,54400,2d9a86aabea1c96ec7abea5b635ebea562e93f6c
,,54900,Données définitives,,,,,,2012-01-03 02:45:00+00:00,03:45,,France,,,,,2012-01-03,,,,,,,54950,329d6cba48bc95052d1f87b00e523623a2c87d4f
485.0,6987.0,55300,Données définitives,-862.0,-8767.0,-1750.0,16.0,52365.0,2012-01-03 02:30:00+00:00,03:30,0.0,France,-781.0,56691.0,-3184.0,-2990.0,2012-01-03,3909.0,667.0,ND,34.0,-2147,4213.0,55500,5d7e90a0866618b5629b15950611fd7f6f4813fe
,,55950,Données définitives,,,,,,2012-01-03 02:15:00+00:00,03:15,,France,,,,,2012-01-03,,,,,,,56000,878e667b6a1f30cc87fe334c1e53bb58f3a57294
485.0,7024.0,56600,Données définitives,-862.0,-8641.0,-1750.0,16.0,53449.0,2012-01-03 02:00:00+00:00,03:00,0.0,France,-781.0,57915.0,-3198.0,-2990.0,2012-01-03,3925.0,667.0,ND,34.0,-2147,4188.0,56500,f2053b628c5d503a2a8fb4f9f8ff699cc67a0a66
,,57550,Données définitives,,,,,,2012-01-03 01:45:00+00:00,02:45,,France,,,,,2012-01-03,,,,,,,57400,0b7d9517fd783655fdb67a896302d3ea46d92419
488.0,7066.0,58500,Données définitives,-862.0,-8845.0,-1750.0,16.0,55763.0,2012-01-03 01:30:00+00:00,02:30,0.0,France,-779.0,59861.0,-3191.0,-2990.0,2012-01-03,3861.0,656.0,ND,32.0,-2163,4048.0,58300,bc9960336e5bfa8d240bfb87146649dd16794e0d
,,59100,Données définitives,,,,,,2012-01-03 01:15:00+00:00,02:15,,France,,,,,2012-01-03,,,,,,,58650,431be9ae76d5da085b1d749157922b2c1fe479f9
490.0,7249.0,59700,Données définitives,-862.0,-9436.0,-1750.0,16.0,56360.0,2012-01-03 01:00:00+00:00,02:00,0.0,France,-779.0,60104.0,-3054.0,-2990.0,2012-01-03,3870.0,661.0,ND,32.0,-2163,3947.0,59000,514bb6a2305debcf540ca2edd195da87d2403680
,,59750,Données définitives,,,,,,2012-01-03 00:45:00+00:00,01:45,,France,,,,,2012-01-03,,,,,,,59150,bec15940051c58b9191030dc621169197339136a
492.0,7336.0,59800,Données définitives,-862.0,-9193.0,-1750.0,16.0,56446.0,2012-01-03 00:30:00+00:00,01:30,0.0,France,-1400.0,60426.0,-3034.0,-2791.0,2012-01-03,3876.0,662.0,ND,32.0,-2287,3824.0,59300,14c9f3d707edf19aa7e9047fa29d5ce4e7435cca
,,59600,Données définitives,,,,,,2012-01-03 00:15:00+00:00,01:15,,France,,,,,2012-01-03,,,,,,,58900,3f7b59bc3d794f9048873248eb8bf2cfd76658b2
491.0,7418.0,59400,Données définitives,-862.0,-9124.0,-1750.0,16.0,56394.0,2012-01-03 00:00:00+00:00,01:00,0.0,France,-1400.0,60533.0,-2910.0,-2791.0,2012-01-03,3888.0,662.0,ND,32.0,-2287,3698.0,58500,c71418693de284caf8440daad416bd16c229d7a1
,,60300,Données définitives,,,,,,2012-01-02 23:45:00+00:00,00:45,,France,,,,,2012-01-03,,,,,,,59750,d6a49c55bfd7548ebd2bad106697857c30da74a0
489.0,7967.0,61200,Données définitives,-862.0,-9299.0,-1750.0,16.0,57563.0,2012-01-02 23:30:00+00:00,00:30,0.0,France,-1124.0,63033.0,-1946.0,-2841.0,2012-01-03,3915.0,663.0,ND,31.0,-2288,3665.0,61000,62b25d8da9d4d1484df55e3aa1a86fed9b244141
,,62200,Données définitives,,,,,,2012-01-02 23:15:00+00:00,00:15,,France,,,,,2012-01-03,,,,,,,61900,0bddb5054fa39caeeb093e3ec132a60d830bd58a
491.0,8066.0,63200,Données définitives,-862.0,-8299.0,-1750.0,18.0,58251.0,2012-01-02 23:00:00+00:00,00:00,0.0,France,-1124.0,64600.0,-2098.0,-2841.0,2012-01-03,3921.0,661.0,ND,31.0,-2288,3587.0,62800,cac9171655c3d51cad7fb6e1f43c2c0598326ef1
,,62850,Données définitives,,,,,,2012-01-02 22:45:00+00:00,23:45,,France,,,,,2012-01-02,,,,,,,62750,a1ffd593df66e30816e008f65b91025869733d7a
491.0,8449.0,62900,Données définitives,-833.0,-8073.0,-1749.0,17.0,57926.0,2012-01-02 22:30:00+00:00,23:30,0.0,France,-1142.0,64902.0,-1895.0,-3114.0,2012-01-02,3905.0,659.0,ND,31.0,-1005,3424.0,62700,8028e0e5224029058bbd644a1a454d8edb68de3b
,,64050,Données définitives,,,,,,2012-01-02 22:15:00+00:00,23:15,,France,,,,,2012-01-02,,,,,,,63950,59b713ac71e2a1d88df1c887deacc71fb31aabb4
491.0,9962.0,65200,Données définitives,-833.0,-10620.0,-1749.0,17.0,58834.0,2012-01-02 22:00:00+00:00,23:00,0.0,France,-1142.0,65929.0,-674.0,-3114.0,2012-01-02,3975.0,651.0,ND,30.0,-1005,3294.0,65200,e305d1e9b37e57e2576a40e22cb2bc3abf528f0c
,,63900,Données définitives,,,,,,2012-01-02 21:45:00+00:00,22:45,,France,,,,,2012-01-02,,,,,,,63900,ffe18f83383a14fe75fe0c11ef18c0f7eecde7ee
491.0,8765.0,62600,Données définitives,-833.0,-10602.0,-1750.0,18.0,57952.0,2012-01-02 21:30:00+00:00,22:30,0.0,France,-1200.0,64030.0,-675.0,-3183.0,2012-01-02,4175.0,646.0,ND,31.0,-3374,3261.0,62600,ffaed818c9e3af35082dafefc86f7195e969cd29
,,62350,Données définitives,,,,,,2012-01-02 21:15:00+00:00,22:15,,France,,,,,2012-01-02,,,,,,,62350,115910555b065ebfcf8932d06aac877a4fd91d4e
492.0,8198.0,62100,Données définitives,-833.0,-10333.0,-1750.0,18.0,57984.0,2012-01-02 21:00:00+00:00,22:00,0.0,France,-1200.0,63756.0,-674.0,-3183.0,2012-01-02,4183.0,652.0,ND,32.0,-3374,3236.0,62100,72a827a71e9f829ce0f66e2cb2daabd4d7faecd4
,,63100,Données définitives,,,,,,2012-01-02 20:45:00+00:00,21:45,,France,,,,,2012-01-02,,,,,,,63100,16d938c81623e78108c965d6136adbca19ca80f5
492.0,8728.0,64100,Données définitives,-833.0,-10343.0,-1750.0,19.0,58629.0,2012-01-02 20:30:00+00:00,21:30,0.0,France,-1200.0,65332.0,-214.0,-3183.0,2012-01-02,4157.0,647.0,ND,31.0,-3039,3216.0,64100,dbc6eb6dc1cd3bab1638449c2055345d07de88c1
,,65250,Données définitives,,,,,,2012-01-02 20:15:00+00:00,21:15,,France,,,,,2012-01-02,,,,,,,65250,414bbf00b5de881bb3a8af64e1a7fdfecc38b3e7
491.0,10059.0,66400,Données définitives,-833.0,-10650.0,-1750.0,19.0,59725.0,2012-01-02 20:00:00+00:00,21:00,0.0,France,-1200.0,67435.0,-102.0,-3183.0,2012-01-02,4165.0,651.0,ND,30.0,-3039,3076.0,66400,e3edef48944f94ff83ab6fc217e7c41324383f00
,,67300,Données définitives,,,,,,2012-01-02 19:45:00+00:00,20:45,,France,,,,,2012-01-02,,,,,,,67300,367f7bf02a4023c302fc8d57b899b1b6fb0ee863
491.0,11388.0,68200,Données définitives,-833.0,-10614.0,-1750.0,19.0,60005.0,2012-01-02 19:30:00+00:00,20:30,0.0,France,-1156.0,69050.0,-19.0,-3171.0,2012-01-02,4151.0,647.0,ND,29.0,-3319,2981.0,68200,07480a2ee682ee22d49e02abec51be5d53787cd4
,,68950,Données définitives,,,,,,2012-01-02 19:15:00+00:00,20:15,,France,,,,,2012-01-02,,,,,,,68950,980784e240377f340afd5a3a9fd17343f09fa032
492.0,12407.0,69700,Données définitives,-833.0,-9976.0,-1750.0,19.0,60197.0,2012-01-02 19:00:00+00:00,20:00,0.0,France,-1156.0,71079.0,-18.0,-3171.0,2012-01-02,4415.0,649.0,ND,30.0,-3319,2895.0,69700,bc412af582263e2f8db08c6b81d8977881e4fd95
,,70350,Données définitives,,,,,,2012-01-02 18:45:00+00:00,19:45,,France,,,,,2012-01-02,,,,,,,70350,00e169e66e890902d834618288908a88e597c9ca
491.0,13910.0,71000,Données définitives,-833.0,-9925.0,-1750.0,14.0,60303.0,2012-01-02 18:30:00+00:00,19:30,0.0,France,-697.0,72615.0,-18.0,-3148.0,2012-01-02,4356.0,650.0,ND,29.0,-3168,2834.0,71000,0f3a944b792fb408571f179cd1e1eeab97709fac
,,71650,Données définitives,,,,,,2012-01-02 18:15:00+00:00,19:15,,France,,,,,2012-01-02,,,,,,,71650,b261ad0e75379030dc614919b96a51927f1cebfb
493.0,14563.0,72300,Données définitives,-833.0,-9915.0,-1750.0,15.0,60371.0,2012-01-02 18:00:00+00:00,19:00,0.0,France,-697.0,73263.0,-18.0,-3148.0,2012-01-02,4363.0,658.0,ND,29.0,-3168,2734.0,72300,666e6c969bf3ad678f280482e12184bc9c573940
,,71400,Données définitives,,,,,,2012-01-02 17:45:00+00:00,18:45,,France,,,,,2012-01-02,,,,,,,71450,1860b6875899e4a133b45753957fc5a42ad25740
493.0,13457.0,70500,Données définitives,-833.0,-9779.0,-1750.0,11.0,59990.0,2012-01-02 17:30:00+00:00,18:30,0.0,France,-321.0,71949.0,-18.0,-3148.0,2012-01-02,4385.0,646.0,ND,29.0,-3589,2764.0,70600,447d29c0bab08b2bc88b468e467f3266fd60829a
,,70050,Données définitives,,,,,,2012-01-02 17:15:00+00:00,18:15,,France,,,,,2012-01-02,,,,,,,70150,7a6485420a695c87c82312863b512ebdeb837c72
492.0,12942.0,69600,Données définitives,-833.0,-10780.0,-1750.0,10.0,60197.0,2012-01-02 17:00:00+00:00,18:00,0.0,France,-321.0,70548.0,-19.0,-3148.0,2012-01-02,4214.0,644.0,ND,29.0,-3589,2847.0,69700,06441554809d9f5a986c7f2e3f419bca7aaffa2a
,,67900,Données définitives,,,,,,2012-01-02 16:45:00+00:00,17:45,,France,,,,,2012-01-02,,,,,,,68050,d9e5a405f84112f4210b15dc1451fc264c8f95fa
490.0,10090.0,66200,Données définitives,-833.0,-10940.0,-1750.0,10.0,59834.0,2012-01-02 16:30:00+00:00,17:30,2.0,France,-533.0,67139.0,-19.0,-3148.0,2012-01-02,4213.0,640.0,ND,30.0,-4296,2819.0,66400,9effa69f4443674e6e7dd30d9057155e37639a36
,,64850,Données définitives,,,,,,2012-01-02 16:15:00+00:00,17:15,,France,,,,,2012-01-02,,,,,,,65050,4d23a50f55f3117d1713b18e8a7c9fba7e5a3db1
490.0,7877.0,63500,Données définitives,-833.0,-10178.0,-1750.0,11.0,58936.0,2012-01-02 16:00:00+00:00,17:00,33.0,France,-533.0,64318.0,-513.0,-3148.0,2012-01-02,4176.0,645.0,ND,31.0,-4296,2840.0,63700,1744bd9b3a45f4c5a795dbb54534948d49ff91d1
,,63000,Données définitives,,,,,,2012-01-02 15:45:00+00:00,16:45,,France,,,,,2012-01-02,,,,,,,63250,0eef17fc9814754133a4b8e6285087cc4b3b36c1
488.0,7494.0,62500,Données définitives,-833.0,-10108.0,-1620.0,3.0,59387.0,2012-01-02 15:30:00+00:00,16:30,130.0,France,-714.0,63469.0,-1547.0,-3109.0,2012-01-02,4146.0,651.0,ND,31.0,-3426,2825.0,62800,3380592efc0276c03c87ff6cf5c219bd4476617e
,,62500,Données définitives,,,,,,2012-01-02 15:15:00+00:00,16:15,,France,,,,,2012-01-02,,,,,,,62850,cb2b7890facd6730d7ab04efd110b00339a0438f
488.0,7502.0,62500,Données définitives,-833.0,-9818.0,-1620.0,0.0,59048.0,2012-01-02 15:00:00+00:00,16:00,235.0,France,-714.0,63348.0,-1751.0,-3109.0,2012-01-02,4133.0,641.0,ND,31.0,-3426,2869.0,62900,1442a8893448a60de4e1741f36758a0439646105
,,62550,Données définitives,,,,,,2012-01-02 14:45:00+00:00,15:45,,France,,,,,2012-01-02,,,,,,,63000,568159a1128c26a5e1a1d564d078e7ef99ab7f7a
487.0,7532.0,62600,Données définitives,-833.0,-9738.0,-1750.0,1.0,58799.0,2012-01-02 14:30:00+00:00,15:30,310.0,France,-527.0,63789.0,-1458.0,-3109.0,2012-01-02,4165.0,644.0,ND,31.0,-3252,3047.0,63100,7086acab64dfc783d9c4a2a9dc552e425059aa22
,,62800,Données définitives,,,,,,2012-01-02 14:15:00+00:00,15:15,,France,,,,,2012-01-02,,,,,,,63350,5b9ad3538a603dda53f33bf188e8f64fd747e666
494.0,7675.0,63000,Données définitives,-833.0,-9828.0,-1750.0,0.0,58833.0,2012-01-02 14:00:00+00:00,15:00,342.0,France,-527.0,64500.0,-954.0,-3109.0,2012-01-02,4108.0,635.0,ND,31.0,-3252,3194.0,63600,1e573484ca6838e5322ca2d743a194c079f223c3
,,63950,Données définitives,,,,,,2012-01-02 13:45:00+00:00,14:45,,France,,,,,2012-01-02,,,,,,,64600,6d292eb51e1514b917907b82491cc456409014d2
491.0,8217.0,64900,Données définitives,-833.0,-9980.0,-1750.0,3.0,59294.0,2012-01-02 13:30:00+00:00,14:30,404.0,France,-694.0,65917.0,-465.0,-3113.0,2012-01-02,4090.0,630.0,ND,30.0,-3213,3233.0,65600,75dff1ab8fa76f76364ec59de89ab627b477375b
,,65200,Données définitives,,,,,,2012-01-02 13:15:00+00:00,14:15,,France,,,,,2012-01-02,,,,,,,65750,2eed77fb1a02f8974a67b6fd09f1967d157ba891
492.0,8475.0,65500,Données définitives,-833.0,-10175.0,-1750.0,1.0,59087.0,2012-01-02 13:00:00+00:00,14:00,448.0,France,-694.0,66105.0,-296.0,-3113.0,2012-01-02,4082.0,631.0,ND,30.0,-3213,3359.0,65900,54e42cdb4f23877ec25b5a9deb85337fb8e42db1
,,65700,Données définitives,,,,,,2012-01-02 12:45:00+00:00,13:45,,France,,,,,2012-01-02,,,,,,,66100,5f8f810f23c92f090b8faef73c84c103a6b98be1
492.0,9313.0,65900,Données définitives,-833.0,-10446.0,-1750.0,3.0,58814.0,2012-01-02 12:30:00+00:00,13:30,416.0,France,-961.0,66640.0,-60.0,-3113.0,2012-01-02,4087.0,632.0,ND,29.0,-3408,3388.0,66300,dfe9d7bfb374bcd049bebdabeaa2fa219fdc63db
,,66650,Données définitives,,,,,,2012-01-02 12:15:00+00:00,13:15,,France,,,,,2012-01-02,,,,,,,67100,e85c7bacc9aaffe90838970c730847a98641695e
492.0,10385.0,67400,Données définitives,-833.0,-10607.0,-1750.0,1.0,58950.0,2012-01-02 12:00:00+00:00,13:00,385.0,France,-961.0,67682.0,-49.0,-3113.0,2012-01-02,4094.0,630.0,ND,29.0,-3408,3401.0,67900,b883416db64f5552c9904a241bc6270ec9ea3f62
,,66950,Données définitives,,,,,,2012-01-02 11:45:00+00:00,12:45,,France,,,,,2012-01-02,,,,,,,67300,2ca2c3d585c81f3cb8aec42281a4eb4754febda6
492.0,10011.0,66500,Données définitives,-833.0,-10481.0,-1750.0,2.0,58579.0,2012-01-02 11:30:00+00:00,12:30,399.0,France,-1150.0,66996.0,-18.0,-3112.0,2012-01-02,4090.0,636.0,ND,29.0,-3448,3287.0,66700,b16ec3252b2d535f592ce7a84dc07b14888489d8
,,66250,Données définitives,,,,,,2012-01-02 11:15:00+00:00,12:15,,France,,,,,2012-01-02,,,,,,,66700,29cde9d8ef7e0733568bc952fc3a643c1a25d028
491.0,9731.0,66000,Données définitives,-833.0,-10668.0,-1750.0,0.0,58611.0,2012-01-02 11:00:00+00:00,12:00,366.0,France,-1150.0,66515.0,-19.0,-3112.0,2012-01-02,4114.0,631.0,ND,30.0,-3448,3257.0,66700,dae79663ae9e191c776aeb8349e2647f8f154516
,,65650,Données définitives,,,,,,2012-01-02 10:45:00+00:00,11:45,,France,,,,,2012-01-02,,,,,,,66300,312fe2dd7dfb12eaf41c0fc32317e101bc78b4c4
491.0,9367.0,65300,Données définitives,-833.0,-10772.0,-1749.0,2.0,58642.0,2012-01-02 10:30:00+00:00,11:30,298.0,France,-1185.0,65816.0,-18.0,-3112.0,2012-01-02,4061.0,630.0,ND,29.0,-3510,3116.0,65900,b392e13e60d4d89a1994aadf407111a6fa651aa9
,,64650,Données définitives,,,,,,2012-01-02 10:15:00+00:00,11:15,,France,,,,,2012-01-02,,,,,,,65550,193801ba0d6268d62b83fc8e32f4dbbc9ce4812b
492.0,8414.0,64000,Données définitives,-833.0,-10450.0,-1749.0,0.0,58388.0,2012-01-02 10:00:00+00:00,11:00,224.0,France,-1185.0,64766.0,-19.0,-3112.0,2012-01-02,4087.0,621.0,ND,30.0,-3510,3008.0,65200,ba762919228f9a666c41eada2efff5a161baf607
,,63700,Données définitives,,,,,,2012-01-02 09:45:00+00:00,10:45,,France,,,,,2012-01-02,,,,,,,64950,8f1c87a984e860da993e41a2cb09a75cb692b9d3
491.0,8460.0,63400,Données définitives,-833.0,-10508.0,-1585.0,0.0,58029.0,2012-01-02 09:30:00+00:00,10:30,158.0,France,-1185.0,64130.0,-160.0,-3170.0,2012-01-02,4084.0,629.0,ND,30.0,-3383,2947.0,64700,7c995c5014107dadf6d08c27680debb657493ce2
,,62950,Données définitives,,,,,,2012-01-02 09:15:00+00:00,10:15,,France,,,,,2012-01-02,,,,,,,64250,cc405f56159c12896d083a3f7a06b03c59538034
490.0,8070.0,62500,Données définitives,-833.0,-10190.0,-1585.0,0.0,57433.0,2012-01-02 09:00:00+00:00,10:00,88.0,France,-1185.0,63127.0,-411.0,-3170.0,2012-01-02,4083.0,632.0,ND,31.0,-3383,2931.0,63800,43a0f2677a45e4679ed960026e0792c798af0ec0
,,62050,Données définitives,,,,,,2012-01-02 08:45:00+00:00,09:45,,France,,,,,2012-01-02,,,,,,,63300,927604ca7a8bb94cdad7b720232d301187ec3b36
492.0,7967.0,61600,Données définitives,-833.0,-10446.0,-1601.0,2.0,57220.0,2012-01-02 08:30:00+00:00,09:30,27.0,France,-1200.0,62254.0,-605.0,-3160.0,2012-01-02,4045.0,636.0,ND,31.0,-2997,2916.0,62800,1ddb610ebbaee0ea031181a60c804e0ead2fd8b4
,,60800,Données définitives,,,,,,2012-01-02 08:15:00+00:00,09:15,,France,,,,,2012-01-02,,,,,,,62250,695c6d087c69e868ae0107e9ef9ad77ade8f5e11
491.0,8099.0,60000,Données définitives,-833.0,-9814.0,-1601.0,1.0,55784.0,2012-01-02 08:00:00+00:00,09:00,2.0,France,-1200.0,61001.0,-1144.0,-3160.0,2012-01-02,4060.0,655.0,ND,32.0,-2997,2865.0,61700,6f63ac03f504881ff162e880fe690825cca86e98
,,59650,Données définitives,,,,,,2012-01-02 07:45:00+00:00,08:45,,France,,,,,2012-01-02,,,,,,,61250,854b3f9f644cc2a47c99aff7be39998d52806a63
491.0,7876.0,59300,Données définitives,-833.0,-9944.0,-1739.0,0.0,55511.0,2012-01-02 07:30:00+00:00,08:30,0.0,France,-1180.0,60350.0,-1143.0,-3158.0,2012-01-02,4071.0,649.0,ND,32.0,-2693,2838.0,60800,1bca86baa07a7908d507b5b2e8c65a59b0780cb8
,,59050,Données définitives,,,,,,2012-01-02 07:15:00+00:00,08:15,,France,,,,,2012-01-02,,,,,,,59950,7c594302397fd2bc82fb4c13da40e82410439386
491.0,7542.0,58800,Données définitives,-833.0,-9698.0,-1739.0,2.0,53101.0,2012-01-02 07:00:00+00:00,08:00,0.0,France,-1180.0,58593.0,-475.0,-3158.0,2012-01-02,4077.0,650.0,ND,33.0,-2693,2901.0,59100,94058020e789440db05b152f1bf7cae833113b46
,,57300,Données définitives,,,,,,2012-01-02 06:45:00+00:00,07:45,,France,,,,,2012-01-02,,,,,,,57800,8bfdb989e035fd544d21d25b9fd454ff82c38c0e
491.0,7974.0,55800,Données définitives,-833.0,-9607.0,-1750.0,3.0,50202.0,2012-01-02 06:30:00+00:00,07:30,0.0,France,-773.0,56592.0,-20.0,-3158.0,2012-01-02,4004.0,644.0,ND,34.0,-2645,2901.0,56500,49b13c9731451620926f443ef0ef9d4e4a8e7ddc
,,54600,Données définitives,,,,,,2012-01-02 06:15:00+00:00,07:15,,France,,,,,2012-01-02,,,,,,,55450,6120fdff8bb16d04beee91d96a691d012c913571
492.0,7175.0,53400,Données définitives,-833.0,-7470.0,-1750.0,5.0,46452.0,2012-01-02 06:00:00+00:00,07:00,0.0,France,-773.0,53970.0,-195.0,-3158.0,2012-01-02,3936.0,651.0,ND,36.0,-2645,2923.0,54400,eaa4399c03fbd796930723b6da2052f5a4b6fe3c
,,52350,Données définitives,,,,,,2012-01-02 05:45:00+00:00,06:45,,France,,,,,2012-01-02,,,,,,,53200,aa5c7bffc13f71f16a4468fb7ff366c92fb2dc06
491.0,7363.0,51300,Données définitives,-833.0,-7771.0,-1750.0,5.0,45280.0,2012-01-02 05:30:00+00:00,06:30,0.0,France,1100.0,52118.0,-697.0,-3058.0,2012-01-02,3910.0,656.0,ND,37.0,-2639,2881.0,52000,b637b812c2d981a9502386d024cbaa512a0dab0f
,,50100,Données définitives,,,,,,2012-01-02 05:15:00+00:00,06:15,,France,,,,,2012-01-02,,,,,,,51000,27ade0ebb2e6b903f5680e608b0714e8036cff9c
492.0,6932.0,48900,Données définitives,-833.0,-5135.0,-1750.0,8.0,42269.0,2012-01-02 05:00:00+00:00,06:00,0.0,France,1100.0,49460.0,-2484.0,-3058.0,2012-01-02,3856.0,665.0,ND,41.0,-2639,2857.0,50000,ebc59f4e6070d4034110eef29b72cfa173b94bb3
,,48000,Données définitives,,,,,,2012-01-02 04:45:00+00:00,05:45,,France,,,,,2012-01-02,,,,,,,49300,347c1f0e8eab3306325f6560107450fb92f642e8
495.0,6825.0,47100,Données définitives,-833.0,-5019.0,-1750.0,7.0,41294.0,2012-01-02 04:30:00+00:00,05:30,0.0,France,1100.0,48092.0,-2718.0,-1947.0,2012-01-02,3851.0,663.0,ND,42.0,-1353,2695.0,48600,680e3d562269202b439a3bf987d088a4949c8ab8
,,46550,Données définitives,,,,,,2012-01-02 04:15:00+00:00,05:15,,France,,,,,2012-01-02,,,,,,,47900,eb001628ea58a76c41649927ee8655ce3a1eae0f
497.0,6342.0,46000,Données définitives,-833.0,-3504.0,-1750.0,8.0,39126.0,2012-01-02 04:00:00+00:00,05:00,0.0,France,1100.0,46692.0,-3117.0,-1947.0,2012-01-02,3849.0,670.0,ND,44.0,-1353,2820.0,47200,b2b72a20c0068657a1b9618b96877fbd20ba3b53
,,45700,Données définitives,,,,,,2012-01-02 03:45:00+00:00,04:45,,France,,,,,2012-01-02,,,,,,,46850,0667f277779f24f1aac7553b987d97283ea46279
496.0,6266.0,45400,Données définitives,-833.0,-3469.0,-1750.0,8.0,38770.0,2012-01-02 03:30:00+00:00,04:30,0.0,France,594.0,46294.0,-3150.0,-1797.0,2012-01-02,3846.0,672.0,ND,45.0,643,2856.0,46500,2c39ca86cf75dd160ba8e170016d25c23075ad19
,,45350,Données définitives,,,,,,2012-01-02 03:15:00+00:00,04:15,,France,,,,,2012-01-02,,,,,,,46550,3c598e55a9593176ff0a63ecffb418096ba5df8b
492.0,6206.0,45300,Données définitives,-833.0,-3260.0,-1750.0,9.0,38405.0,2012-01-02 03:00:00+00:00,04:00,0.0,France,594.0,46306.0,-3040.0,-1797.0,2012-01-02,3845.0,663.0,ND,45.0,643,2986.0,46600,6ca712800da6ddb2f758442006724f8060ade954
,,45700,Données définitives,,,,,,2012-01-02 02:45:00+00:00,03:45,,France,,,,,2012-01-02,,,,,,,47100,6c240e8cefcd5ba23a19b05ecef0932805e0479b
492.0,6192.0,46100,Données définitives,-833.0,-3429.0,-1750.0,10.0,38961.0,2012-01-02 02:30:00+00:00,03:30,0.0,France,345.0,47182.0,-2565.0,-1741.0,2012-01-02,3841.0,671.0,ND,44.0,871,3008.0,47600,eb829bda93632dc474bfb38a1ebe36d328c13a0e
,,46600,Données définitives,,,,,,2012-01-02 02:15:00+00:00,03:15,,France,,,,,2012-01-02,,,,,,,48050,8ec81987fff74f0f203cb98abe9d2ed6aefd3a27
492.0,6214.0,47100,Données définitives,-833.0,-2922.0,-1750.0,9.0,39841.0,2012-01-02 02:00:00+00:00,03:00,0.0,France,345.0,48201.0,-2996.0,-1741.0,2012-01-02,3849.0,679.0,ND,44.0,871,3034.0,48500,ba76e784023490c9cc3fb4818b468a13bb5be24e
,,47950,Données définitives,,,,,,2012-01-02 01:45:00+00:00,02:45,,France,,,,,2012-01-02,,,,,,,49300,82d72de38d6e04f1857b6fb1cb1b4871798a2101
492.0,6582.0,48800,Données définitives,-833.0,-3167.0,-1750.0,10.0,40921.0,2012-01-02 01:30:00+00:00,02:30,0.0,France,289.0,50113.0,-2410.0,-1510.0,2012-01-02,3846.0,673.0,ND,42.0,901,3166.0,50100,dcf0ab783e0b15b9174c5831d1a5b277229137e1
,,49400,Données définitives,,,,,,2012-01-02 01:15:00+00:00,02:15,,France,,,,,2012-01-02,,,,,,,50650,92b4d475e84a3b1eea85f19ed5d2bbb706383fef
492.0,6826.0,50000,Données définitives,-833.0,-4369.0,-1750.0,10.0,42053.0,2012-01-02 01:00:00+00:00,02:00,0.0,France,289.0,50399.0,-2413.0,-1510.0,2012-01-02,3851.0,675.0,ND,41.0,901,3274.0,51200,ceca3a04516317a49d248d4479c7b269248617af
,,50150,Données définitives,,,,,,2012-01-02 00:45:00+00:00,01:45,,France,,,,,2012-01-02,,,,,,,51200,ed4cfa9b7d45fb0cd8d909fe502c7075b0317520
492.0,6985.0,50300,Données définitives,-833.0,-4247.0,-1750.0,12.0,42806.0,2012-01-02 00:30:00+00:00,01:30,0.0,France,-690.0,50842.0,-3119.0,-1660.0,2012-01-02,3859.0,670.0,ND,40.0,737,3384.0,51200,d28eda922b57062cee3d32ec5b564b0190228d9c
,,50050,Données définitives,,,,,,2012-01-02 00:15:00+00:00,01:15,,France,,,,,2012-01-02,,,,,,,50550,35148e62c1bfc2c8a7c085b85c045b22376c5015
492.0,6875.0,49800,Données définitives,-833.0,-5557.0,-1750.0,11.0,44141.0,2012-01-02 00:00:00+00:00,01:00,0.0,France,-690.0,51404.0,-2624.0,-1660.0,2012-01-02,3859.0,671.0,ND,39.0,737,3536.0,49900,029e36da7731e1d37bd95cc47760056b836171ca
,,50950,Données définitives,,,,,,2012-01-01 23:45:00+00:00,00:45,,France,,,,,2012-01-02,,,,,,,50900,145c49a26a5193135e9e9b966ac294b52c5e8f61
492.0,6972.0,52100,Données définitives,-833.0,-5972.0,-1750.0,12.0,45843.0,2012-01-01 23:30:00+00:00,00:30,0.0,France,-1200.0,53643.0,-1886.0,-2199.0,2012-01-02,3851.0,674.0,ND,37.0,219,3658.0,51900,9062d65fb3588d625e6c3fd228f12f7fb324a0f5
,,53000,Données définitives,,,,,,2012-01-01 23:15:00+00:00,00:15,,France,,,,,2012-01-02,,,,,,,52700,06154d809efc0c330f02018cb79e1269396bfbb3
492.0,7710.0,53900,Données définitives,-833.0,-6021.0,-1750.0,13.0,46354.0,2012-01-01 23:00:00+00:00,00:00,0.0,France,-1200.0,55164.0,-1669.0,-2199.0,2012-01-02,3841.0,674.0,ND,36.0,219,3771.0,53500,a45a259e3970d373dafd3b49146b4b06060943ce
,,54050,Données définitives,,,,,,2012-01-01 22:45:00+00:00,23:45,,France,,,,,2012-01-01,,,,,,,54200,011db6e8dee65841604c216cb58bcfcb269b60b4
492.0,8042.0,54600,Données définitives,-862.0,-6281.0,-1750.0,12.0,46261.0,2012-01-01 22:30:00+00:00,23:30,0.0,France,-1200.0,55634.0,-1281.0,-2854.0,2012-01-01,3823.0,677.0,ND,36.0,336,3890.0,54900,89c1caa944317ca5d88ade982a7d779919d15177
,,55350,Données définitives,,,,,,2012-01-01 22:15:00+00:00,23:15,,France,,,,,2012-01-01,,,,,,,55750,fa1dccfd72f47abbb3d88e1606f7b8b8ff18d830
493.0,9145.0,56100,Données définitives,-862.0,-8380.0,-1750.0,13.0,47046.0,2012-01-01 22:00:00+00:00,23:00,0.0,France,-1200.0,56577.0,-229.0,-2854.0,2012-01-01,3824.0,672.0,ND,34.0,336,3992.0,56600,3ea57dc8537f0afb6502672e7d43f6ad61bf3e16
,,55100,Données définitives,,,,,,2012-01-01 21:45:00+00:00,22:45,,France,,,,,2012-01-01,,,,,,,55600,d4d54f7839096a2de480ac3733b828cc90a1223d
493.0,7640.0,54100,Données définitives,-862.0,-8743.0,-1750.0,12.0,46569.0,2012-01-01 21:30:00+00:00,22:30,0.0,France,-1200.0,54348.0,-229.0,-2945.0,2012-01-01,3825.0,672.0,ND,35.0,-1846,4109.0,54600,f093a08267ffab3b1dc95803a4b9fe490a747240
,,53450,Données définitives,,,,,,2012-01-01 21:15:00+00:00,22:15,,France,,,,,2012-01-01,,,,,,,53950,bdb85a216dd29b34f4917c28e82174a0016309ee
493.0,7723.0,52800,Données définitives,-862.0,-8898.0,-1750.0,11.0,47272.0,2012-01-01 21:00:00+00:00,22:00,0.0,France,-1200.0,53890.0,-1486.0,-2945.0,2012-01-01,3817.0,680.0,ND,35.0,-1846,4278.0,53300,147a0153ab2d12dfac3f12597010a0dee30c38a7
,,53350,Données définitives,,,,,,2012-01-01 20:45:00+00:00,21:45,,France,,,,,2012-01-01,,,,,,,53800,82b8e7ef3055ebf00709f6d915998c5bbc042077
492.0,8054.0,53900,Données définitives,-862.0,-8753.0,-1750.0,10.0,47834.0,2012-01-01 20:30:00+00:00,21:30,0.0,France,-1200.0,54975.0,-1487.0,-3029.0,2012-01-01,3811.0,675.0,ND,35.0,-1739,4339.0,54300,7a091ea46a6f0936aaee56f9b1821c7f0296f1a3
,,54650,Données définitives,,,,,,2012-01-01 20:15:00+00:00,21:15,,France,,,,,2012-01-01,,,,,,,55050,d31897f02dfd451c5f9bd1e6a49a18c3cb8b4f74
492.0,8846.0,55400,Données définitives,-862.0,-9352.0,-1750.0,8.0,47869.0,2012-01-01 20:00:00+00:00,21:00,0.0,France,-1200.0,56054.0,-755.0,-3029.0,2012-01-01,3818.0,684.0,ND,34.0,-1739,4445.0,55800,e86734e4373321ae00069753e2d0c7425a04c1a7
,,55700,Données définitives,,,,,,2012-01-01 19:45:00+00:00,20:45,,France,,,,,2012-01-01,,,,,,,56100,a05620f2bc96aa5f136e12bf6a3d61143fb17aa7
494.0,9926.0,56000,Données définitives,-862.0,-9725.0,-1750.0,10.0,47576.0,2012-01-01 19:30:00+00:00,20:30,0.0,France,-1200.0,56946.0,-181.0,-3089.0,2012-01-01,3733.0,675.0,ND,33.0,-2495,4438.0,56400,79995bc298395cf3651092472b5b6d80f1e752aa
,,56300,Données définitives,,,,,,2012-01-01 19:15:00+00:00,20:15,,France,,,,,2012-01-01,,,,,,,56700,e5a0d0a86afdcaefe11936eeeb42e62d7f95049d
493.0,10589.0,56600,Données définitives,-862.0,-9676.0,-1750.0,9.0,47626.0,2012-01-01 19:00:00+00:00,20:00,0.0,France,-1200.0,57752.0,-181.0,-3089.0,2012-01-01,3731.0,670.0,ND,32.0,-2495,4491.0,57000,0aec54408c2868b30ad1ad0c0999eceb9f57966b
,,56500,Données définitives,,,,,,2012-01-01 18:45:00+00:00,19:45,,France,,,,,2012-01-01,,,,,,,56900,f5f594df213c54ace0226358e58be16cc421ff81
493.0,10737.0,56400,Données définitives,-862.0,-9757.0,-1750.0,5.0,47583.0,2012-01-01 18:30:00+00:00,19:30,0.0,France,-1200.0,57786.0,-181.0,-3143.0,2012-01-01,3720.0,675.0,ND,32.0,-2453,4511.0,56800,8f366e1decfd9f47a16a6b1001e65b51d666c1bf
,,56250,Données définitives,,,,,,2012-01-01 18:15:00+00:00,19:15,,France,,,,,2012-01-01,,,,,,,56650,c99acaeae56db9d651e7072eca449115198d8bb0
493.0,10468.0,56100,Données définitives,-862.0,-9641.0,-1750.0,6.0,47598.0,2012-01-01 18:00:00+00:00,19:00,0.0,France,-1200.0,57333.0,-502.0,-3143.0,2012-01-01,3712.0,674.0,ND,32.0,-2453,4526.0,56500,f64b26836c1cd4332a192a0fdc9fae1244a40643
,,55400,Données définitives,,,,,,2012-01-01 17:45:00+00:00,18:45,,France,,,,,2012-01-01,,,,,,,55850,c369f3f6c2a5c523ed08a66b7b1a8105c8275e0d
494.0,9641.0,54700,Données définitives,-861.0,-9629.0,-1750.0,8.0,47103.0,2012-01-01 17:30:00+00:00,18:30,0.0,France,-1200.0,56067.0,-502.0,-3111.0,2012-01-01,3717.0,677.0,ND,33.0,-2509,4559.0,55200,14a90a58a01cbd95d0671da0ede6313f74dd9a74
,,54050,Données définitives,,,,,,2012-01-01 17:15:00+00:00,18:15,,France,,,,,2012-01-01,,,,,,,54550,b5c0dd136bb5e77efebf52186e5d0d00875870ce
494.0,9485.0,53400,Données définitives,-861.0,-9822.0,-1750.0,9.0,46639.0,2012-01-01 17:00:00+00:00,18:00,0.0,France,-1200.0,54425.0,-1325.0,-3111.0,2012-01-01,3715.0,684.0,ND,34.0,-2509,4547.0,53900,b7077f66c009afd62e199cacae95f76bfbe6b13a
,,52000,Données définitives,,,,,,2012-01-01 16:45:00+00:00,17:45,,France,,,,,2012-01-01,,,,,,,52500,2cf055ffdce755a3480c70018005233164f456fc
493.0,8384.0,50600,Données définitives,-862.0,-10004.0,-1750.0,7.0,45457.0,2012-01-01 16:30:00+00:00,17:30,1.0,France,-1400.0,51586.0,-1649.0,-3115.0,2012-01-01,3717.0,680.0,ND,35.0,-2509,4499.0,51100,dfebe19dca1b8f3a21f05631b2bd8da46bd866b6
,,49400,Données définitives,,,,,,2012-01-01 16:15:00+00:00,17:15,,France,,,,,2012-01-01,,,,,,,49900,588543944552809f858859d1dba8fb0af725359c
494.0,7251.0,48200,Données définitives,-862.0,-9461.0,-1750.0,10.0,43726.0,2012-01-01 16:00:00+00:00,17:00,30.0,France,-1400.0,49256.0,-1650.0,-3115.0,2012-01-01,3711.0,689.0,ND,37.0,-2509,4457.0,48700,eeb92d312a650806aec928c4a6707d9c69addf8b
,,47650,Données définitives,,,,,,2012-01-01 15:45:00+00:00,16:45,,France,,,,,2012-01-01,,,,,,,48200,a89bcfa060371bd02807cb6a4e396f777140f45c
493.0,6772.0,47100,Données définitives,-862.0,-9263.0,-1750.0,11.0,43622.0,2012-01-01 15:30:00+00:00,16:30,104.0,France,-1400.0,48274.0,-2230.0,-2936.0,2012-01-01,3703.0,682.0,ND,38.0,-2042,4379.0,47700,387c12601e08d08cfdc064a3c925f707c8371af7
,,47050,Données définitives,,,,,,2012-01-01 15:15:00+00:00,16:15,,France,,,,,2012-01-01,,,,,,,47650,78b7fbe829a948318be20827b94f56381f5f93d8
493.0,6616.0,47000,Données définitives,-862.0,-9006.0,-1750.0,13.0,43727.0,2012-01-01 15:00:00+00:00,16:00,213.0,France,-1400.0,48335.0,-2463.0,-2936.0,2012-01-01,3698.0,679.0,ND,38.0,-2042,4364.0,47600,7bf9c65cf619924847c733b435ebe30b54c5a775
,,47300,Données définitives,,,,,,2012-01-01 14:45:00+00:00,15:45,,France,,,,,2012-01-01,,,,,,,47800,3b6c90c013c68f5f84b4f8addb1d07a525910e05
493.0,6607.0,47600,Données définitives,-862.0,-9151.0,-1750.0,12.0,43878.0,2012-01-01 14:30:00+00:00,15:30,335.0,France,-1400.0,48706.0,-2147.0,-2878.0,2012-01-01,3693.0,677.0,ND,38.0,-1843,4308.0,48000,0c6361526132d72051cb6b7cf60a6163af58bb15
,,47850,Données définitives,,,,,,2012-01-01 14:15:00+00:00,15:15,,France,,,,,2012-01-01,,,,,,,48200,13ecd6e47c159c6ccadafaa69e6066bd5aac10fd
493.0,6588.0,48100,Données définitives,-862.0,-9159.0,-1750.0,11.0,44048.0,2012-01-01 14:00:00+00:00,15:00,428.0,France,-1400.0,49148.0,-1910.0,-2878.0,2012-01-01,3697.0,685.0,ND,37.0,-1843,4267.0,48400,22c0bc515c02b2f88b3204a2d4d2bd989d6a496f
,,48700,Données définitives,,,,,,2012-01-01 13:45:00+00:00,14:45,,France,,,,,2012-01-01,,,,,,,48900,8c10a1712d4551d6a8551d93ee9a46439e05d5f0
494.0,6662.0,49300,Données définitives,-862.0,-9106.0,-1750.0,11.0,44881.0,2012-01-01 13:30:00+00:00,14:30,526.0,France,-1400.0,50375.0,-1737.0,-2605.0,2012-01-01,3744.0,706.0,ND,37.0,-1993,4195.0,49400,c9d0f07e5772cf9e7ae996c37e222b6d4ca13c90
,,49600,Données définitives,,,,,,2012-01-01 13:15:00+00:00,14:15,,France,,,,,2012-01-01,,,,,,,49900,ba4e69c14f0fa500a23da16d277d2058d7735ac6
493.0,7160.0,49900,Données définitives,-862.0,-8197.0,-1750.0,12.0,44082.0,2012-01-01 13:00:00+00:00,14:00,582.0,France,-1400.0,51025.0,-1708.0,-2605.0,2012-01-01,3777.0,701.0,ND,38.0,-1993,4123.0,50400,b30747edcf89ec83e31a7d2df6c564b640fd283f
,,50600,Données définitives,,,,,,2012-01-01 12:45:00+00:00,13:45,,France,,,,,2012-01-01,,,,,,,51100,9dc2135cd509bb9f10a8e511d2daf175ca5a94fa
493.0,7961.0,51300,Données définitives,-862.0,-8156.0,-1750.0,12.0,44657.0,2012-01-01 12:30:00+00:00,13:30,603.0,France,-1400.0,52421.0,-1710.0,-2605.0,2012-01-01,3783.0,703.0,ND,37.0,-1195,4074.0,51800,d25ad3aac2e96eb91c8cde4baf1a9d0550b98c39
,,52100,Données définitives,,,,,,2012-01-01 12:15:00+00:00,13:15,,France,,,,,2012-01-01,,,,,,,52700,1f442ddc47a1332c2d7f23c59e3df38c90949ae5
493.0,9003.0,52900,Données définitives,-862.0,-8093.0,-1750.0,11.0,44899.0,2012-01-01 12:00:00+00:00,13:00,627.0,France,-1400.0,53651.0,-1711.0,-2605.0,2012-01-01,3796.0,703.0,ND,36.0,-1195,3921.0,53600,95d79c0ca3b790e69eb88b0d8e10444cddd5b88e
,,52250,Données définitives,,,,,,2012-01-01 11:45:00+00:00,12:45,,France,,,,,2012-01-01,,,,,,,52600,0e3a4668439df7b5d8b1f3591a7657ae2aad3b9c
493.0,8311.0,51600,Données définitives,-862.0,-7986.0,-1750.0,11.0,44244.0,2012-01-01 11:30:00+00:00,12:30,623.0,France,-1400.0,52341.0,-1698.0,-2625.0,2012-01-01,3791.0,700.0,ND,37.0,-1104,3852.0,51600,c27aaa57ec7fc7b200d76e645dd96966064c4af8
,,50800,Données définitives,,,,,,2012-01-01 11:15:00+00:00,12:15,,France,,,,,2012-01-01,,,,,,,50800,cc4e3c7094ed2ab3226dd66ea3d1ca2b790c6372
493.0,8198.0,50000,Données définitives,-862.0,-8847.0,-1750.0,10.0,43940.0,2012-01-01 11:00:00+00:00,12:00,560.0,France,-1400.0,50975.0,-1687.0,-2625.0,2012-01-01,3810.0,685.0,ND,37.0,-1104,3815.0,50000,6d45a49fa2b7f14184f395e1e6ea4ea56f87a79f
,,49500,Données définitives,,,,,,2012-01-01 10:45:00+00:00,11:45,,France,,,,,2012-01-01,,,,,,,49750,4f86b83fc9133113af628c6839050943ed16fa81
492.0,7939.0,49000,Données définitives,-862.0,-9097.0,-1750.0,11.0,43583.0,2012-01-01 10:30:00+00:00,11:30,504.0,France,-1400.0,50043.0,-1657.0,-2733.0,2012-01-01,3812.0,687.0,ND,38.0,-1957,3770.0,49500,c73125ddadd255c0d6bf7e8c4f38e5bde033d927
,,48500,Données définitives,,,,,,2012-01-01 10:15:00+00:00,11:15,,France,,,,,2012-01-01,,,,,,,49250,068a68c743c0d917ae7c5d42f3482e30de1b80b4
493.0,7425.0,48000,Données définitives,-862.0,-7926.0,-1750.0,13.0,43068.0,2012-01-01 10:00:00+00:00,11:00,431.0,France,-1400.0,49114.0,-2579.0,-2733.0,2012-01-01,3823.0,688.0,ND,39.0,-1957,3679.0,49000,c24ff808b3c22e4f3dbda2f0a1a6324fb6325eb9
,,47700,Données définitives,,,,,,2012-01-01 09:45:00+00:00,10:45,,France,,,,,2012-01-01,,,,,,,48500,342d318389c00dd82edcb89537b5e578c18aabab
494.0,7398.0,47400,Données définitives,-862.0,-7797.0,-1750.0,12.0,42305.0,2012-01-01 09:30:00+00:00,10:30,320.0,France,-1400.0,48274.0,-2537.0,-2605.0,2012-01-01,3811.0,686.0,ND,40.0,-927,3582.0,48000,f9bf9418721e3a61888a1726c1e6d4fe134c10e8
,,46900,Données définitives,,,,,,2012-01-01 09:15:00+00:00,10:15,,France,,,,,2012-01-01,,,,,,,47550,2310abfdb24d97167e0dbfa1f8c7489bb6b39b15
493.0,7148.0,46400,Données définitives,-862.0,-7546.0,-1750.0,12.0,40493.0,2012-01-01 09:00:00+00:00,10:00,211.0,France,-1400.0,47421.0,-1469.0,-2605.0,2012-01-01,3818.0,684.0,ND,41.0,-927,3578.0,47100,9b9e834dd03b0d184a742782dd7d23e6efd99911
,,46000,Données définitives,,,,,,2012-01-01 08:45:00+00:00,09:45,,France,,,,,2012-01-01,,,,,,,46600,fce9d3113b7550c70ff44bda9728b65a62fdac0c
492.0,7134.0,45600,Données définitives,-862.0,-7508.0,-1750.0,15.0,39868.0,2012-01-01 08:30:00+00:00,09:30,114.0,France,-1400.0,46504.0,-1603.0,-2123.0,2012-01-01,3796.0,694.0,ND,41.0,-1262,3503.0,46100,02b11e91e7c78aee07dade340b770b1dd68357b3
,,45100,Données définitives,,,,,,2012-01-01 08:15:00+00:00,09:15,,France,,,,,2012-01-01,,,,,,,45500,ffe659573fff90e5d418b95b649e8c4923ae8eb2
493.0,7082.0,44600,Données définitives,-862.0,-5501.0,-1750.0,19.0,38323.0,2012-01-01 08:00:00+00:00,09:00,40.0,France,-1400.0,45730.0,-2759.0,-2123.0,2012-01-01,3797.0,704.0,ND,44.0,-1262,3532.0,44900,2a6eed7bf62a6456511925dc5042b235516e441c
,,44500,Données définitives,,,,,,2012-01-01 07:45:00+00:00,08:45,,France,,,,,2012-01-01,,,,,,,45000,a2f5804bd66af057e88a5b9bb59b073421f74c2d
492.0,7089.0,44400,Données définitives,-862.0,-5468.0,-1546.0,21.0,38050.0,2012-01-01 07:30:00+00:00,08:30,3.0,France,-1400.0,45686.0,-2626.0,-2105.0,2012-01-01,3819.0,705.0,ND,44.0,461,3601.0,45100,c8c028288a547d17639adb7a09f1c608d03d22e0
,,44550,Données définitives,,,,,,2012-01-01 07:15:00+00:00,08:15,,France,,,,,2012-01-01,,,,,,,45350,a558a9e41da185a2682531dc2510a6a8a6ef97d7
493.0,6824.0,44700,Données définitives,-862.0,-5216.0,-1546.0,21.0,38199.0,2012-01-01 07:00:00+00:00,08:00,0.0,France,-1400.0,45770.0,-2685.0,-2105.0,2012-01-01,3812.0,706.0,ND,44.0,461,3615.0,45600,223b3a207019a3ba66ff83ce9b44633204774c4f
,,44600,Données définitives,,,,,,2012-01-01 06:45:00+00:00,07:45,,France,,,,,2012-01-01,,,,,,,45450,a4d14b208661111df7f9d7c23b6761bec8951af9
492.0,6743.0,44500,Données définitives,-862.0,-5389.0,-1546.0,24.0,38334.0,2012-01-01 06:30:00+00:00,07:30,0.0,France,-1400.0,45637.0,-2691.0,-2105.0,2012-01-01,3818.0,703.0,ND,44.0,757,3604.0,45300,7b824595459736cd13d6f245679be5b0f158c96e
,,44500,Données définitives,,,,,,2012-01-01 06:15:00+00:00,07:15,,France,,,,,2012-01-01,,,,,,,45250,c5f2516d06cec61fae8b34566ab337cc828ef565
492.0,6462.0,44500,Données définitives,-862.0,-5214.0,-1546.0,23.0,38834.0,2012-01-01 06:00:00+00:00,07:00,0.0,France,-1400.0,45580.0,-3116.0,-2105.0,2012-01-01,3807.0,705.0,ND,44.0,757,3587.0,45200,405d179423b4692c306b4116278e1872f1e804cd
,,44600,Données définitives,,,,,,2012-01-01 05:45:00+00:00,06:45,,France,,,,,2012-01-01,,,,,,,45350,30977699351617f475ce2215a92a774585a1fd61
493.0,6441.0,44700,Données définitives,-862.0,-5001.0,-1750.0,24.0,39011.0,2012-01-01 05:30:00+00:00,06:30,0.0,France,-1400.0,45897.0,-3183.0,-2105.0,2012-01-01,3812.0,704.0,ND,44.0,1143,3597.0,45500,51751f1786aeab1e07b15430ffa529aabc1ad580
,,44750,Données définitives,,,,,,2012-01-01 05:15:00+00:00,06:15,,France,,,,,2012-01-01,,,,,,,45650,458bd2bb89d7ab367fcd4933d6ddd242fa8a85ee
492.0,6404.0,44800,Données définitives,-862.0,-6675.0,-1750.0,24.0,40612.0,2012-01-01 05:00:00+00:00,06:00,0.0,France,-1400.0,45827.0,-3075.0,-2105.0,2012-01-01,3779.0,712.0,ND,43.0,1143,3555.0,45800,852e2d6ec7db36eb86d08d5a38c5d9dd7bb6a2e9
,,45000,Données définitives,,,,,,2012-01-01 04:45:00+00:00,05:45,,France,,,,,2012-01-01,,,,,,,46150,c7e568ba5b07508c803e6bdde7a655a4216e0236
492.0,6407.0,45200,Données définitives,-862.0,-6818.0,-1750.0,24.0,40991.0,2012-01-01 04:30:00+00:00,05:30,0.0,France,-1400.0,46277.0,-2868.0,-2125.0,2012-01-01,3825.0,708.0,ND,43.0,-584,3517.0,46500,08cc3056c60adaf18c27ab52d6b8bfd5f5a9bbed
,,45450,Données définitives,,,,,,2012-01-01 04:15:00+00:00,05:15,,France,,,,,2012-01-01,,,,,,,46600,a3e4c1d200974c8a65185cee7d8a5e4e5c0136da
492.0,6498.0,45700,Données définitives,-862.0,-7957.0,-1750.0,23.0,41927.0,2012-01-01 04:00:00+00:00,05:00,0.0,France,-1400.0,46656.0,-2399.0,-2125.0,2012-01-01,3810.0,713.0,ND,41.0,-584,3548.0,46700,1ce0c0cbb25ab2c2ceea425227d182b0dc503484
,,46050,Données définitives,,,,,,2012-01-01 03:45:00+00:00,04:45,,France,,,,,2012-01-01,,,,,,,47250,44c0ae557d120d50e7e10c22da4671a57224741b
492.0,6471.0,46400,Données définitives,-862.0,-7803.0,-1750.0,24.0,42483.0,2012-01-01 03:30:00+00:00,04:30,0.0,France,-1400.0,47596.0,-2188.0,-2125.0,2012-01-01,3822.0,721.0,ND,41.0,-1967,3575.0,47800,4561442c9ed369753a8c1bf9af09cd64e8a167af
,,47000,Données définitives,,,,,,2012-01-01 03:15:00+00:00,04:15,,France,,,,,2012-01-01,,,,,,,48450,7904b993cb86d4a3b4aff39f3cbb7f9af86742b1
492.0,6559.0,47600,Données définitives,-862.0,-7993.0,-1750.0,24.0,44378.0,2012-01-01 03:00:00+00:00,04:00,0.0,France,-1400.0,49161.0,-2490.0,-2125.0,2012-01-01,3824.0,720.0,ND,40.0,-1967,3648.0,49100,328a0c1935a33187dae03c4594911341913fb21a
,,48400,Données définitives,,,,,,2012-01-01 02:45:00+00:00,03:45,,France,,,,,2012-01-01,,,,,,,49950,7fd35762053f661e8c99f88e8d8f5373b23553aa
491.0,6460.0,49200,Données définitives,-862.0,-8295.0,-1750.0,24.0,46306.0,2012-01-01 02:30:00+00:00,03:30,0.0,France,-1400.0,50664.0,-2495.0,-2125.0,2012-01-01,3818.0,726.0,ND,39.0,-2038,3628.0,50800,aaa086af2dda21087a7276e7e3f73a743d55e239
,,50150,Données définitives,,,,,,2012-01-01 02:15:00+00:00,03:15,,France,,,,,2012-01-01,,,,,,,51600,1193acc63944f148c4ced738a790302fe2d6804b
494.0,6507.0,51100,Données définitives,-862.0,-7827.0,-1750.0,25.0,47811.0,2012-01-01 02:00:00+00:00,03:00,0.0,France,-1400.0,52496.0,-2685.0,-2125.0,2012-01-01,3836.0,720.0,ND,38.0,-2038,3616.0,52400,7d8fb0074fd74b50070283728fadda3690255de6
,,52350,Données définitives,,,,,,2012-01-01 01:45:00+00:00,02:45,,France,,,,,2012-01-01,,,,,,,53950,c57a714c807323b1dff8ceb5920d11f0e7b058b6
492.0,6772.0,53600,Données définitives,-862.0,-7938.0,-1750.0,26.0,49917.0,2012-01-01 01:30:00+00:00,02:30,0.0,France,-1400.0,54911.0,-2486.0,-2327.0,2012-01-01,3836.0,720.0,ND,36.0,-1088,3572.0,55500,73cb224cc5a89340937a9b104ceffc322dda7469
,,54300,Données définitives,,,,,,2012-01-01 01:15:00+00:00,02:15,,France,,,,,2012-01-01,,,,,,,55750,1f113a065186c173aed759cd17425eb0ee5a2c20
492.0,7159.0,55000,Données définitives,-862.0,-9412.0,-1750.0,25.0,51625.0,2012-01-01 01:00:00+00:00,02:00,0.0,France,-1400.0,55532.0,-2449.0,-2327.0,2012-01-01,3839.0,719.0,ND,35.0,-1088,3535.0,56000,b8015177135c4922ea507befce43f3c1bb0f94e8
,,55200,Données définitives,,,,,,2012-01-01 00:45:00+00:00,01:45,,France,,,,,2012-01-01,,,,,,,56000,76c6d63a412a21d65e11691e28c4a593e9e5d501
491.0,7299.0,55400,Données définitives,-862.0,-9636.0,-1750.0,25.0,51950.0,2012-01-01 00:30:00+00:00,01:30,0.0,France,-1400.0,56075.0,-2134.0,-2625.0,2012-01-01,3832.0,722.0,ND,35.0,-2714,3526.0,56000,c2de8310c8af9692b60769fce7d99fcf74a454ed
,,55250,Données définitives,,,,,,2012-01-01 00:15:00+00:00,01:15,,France,,,,,2012-01-01,,,,,,,55600,f41913e9b0fb272269e5f6eceda597af94c75f5c
492.0,7598.0,55100,Données définitives,-862.0,-9993.0,-1750.0,25.0,51747.0,2012-01-01 00:00:00+00:00,01:00,0.0,France,-1400.0,56231.0,-1730.0,-2625.0,2012-01-01,3834.0,721.0,ND,34.0,-2714,3536.0,55200,fc70da6aa59168c74eb7687734fe68c5df6fedd4
,,56000,Données définitives,,,,,,2011-12-31 23:45:00+00:00,00:45,,France,,,,,2012-01-01,,,,,,,56200,3e1347f7bd32178bfc6993bb08140156fe60d226
492.0,7922.0,56900,Données définitives,-862.0,-9806.0,-1750.0,25.0,52697.0,2011-12-31 23:30:00+00:00,00:30,0.0,France,-1200.0,58315.0,-1139.0,-2625.0,2012-01-01,3816.0,719.0,ND,33.0,-2940,3588.0,57200,7596f27de0867a7f69e9757d875acdeabb20e570
,,57550,Données définitives,,,,,,2011-12-31 23:15:00+00:00,00:15,,France,,,,,2012-01-01,,,,,,,57700,7f164ea6a47e766ddf2fe187be317867c419927f
492.0,7922.0,58200,Données définitives,-862.0,-9806.0,-1750.0,25.0,52697.0,2011-12-31 23:00:00+00:00,00:00,0.0,France,-1200.0,58315.0,-1139.0,-2625.0,2012-01-01,3816.0,719.0,ND,33.0,-2940,3588.0,58200,35b44e405844b99ad1177067007ebce00234e941
